-- phpMyAdmin SQL Dump
-- version 5.2.2
-- https://www.phpmyadmin.net/
--
-- Host: localhost:3306
-- Generation Time: Nov 17, 2025 at 01:33 PM
-- Server version: 8.4.3
-- PHP Version: 8.3.26

SET SQL_MODE = "NO_AUTO_VALUE_ON_ZERO";
START TRANSACTION;
SET time_zone = "+00:00";


/*!40101 SET @OLD_CHARACTER_SET_CLIENT=@@CHARACTER_SET_CLIENT */;
/*!40101 SET @OLD_CHARACTER_SET_RESULTS=@@CHARACTER_SET_RESULTS */;
/*!40101 SET @OLD_COLLATION_CONNECTION=@@COLLATION_CONNECTION */;
/*!40101 SET NAMES utf8mb4 */;

--
-- Database: `employee_tracker`
--

-- --------------------------------------------------------

--
-- Table structure for table `attendance`
--

CREATE TABLE `attendance` (
  `id` int NOT NULL,
  `employee_id` int DEFAULT NULL,
  `date` date DEFAULT NULL,
  `time_in` time DEFAULT NULL,
  `time_out` time DEFAULT NULL,
  `regular_hours` decimal(5,2) DEFAULT NULL,
  `overtime_hours` decimal(5,2) DEFAULT NULL
) ENGINE=InnoDB DEFAULT CHARSET=utf8mb4 COLLATE=utf8mb4_0900_ai_ci;

--
-- Dumping data for table `attendance`
--

INSERT INTO `attendance` (`id`, `employee_id`, `date`, `time_in`, `time_out`, `regular_hours`, `overtime_hours`) VALUES
(1, 2, '2025-11-01', '08:00:00', '17:00:00', 8.00, 1.00),
(2, 2, '2025-11-02', '08:00:00', '17:00:00', 8.00, 1.00),
(3, 2, '2025-11-03', '08:00:00', '17:30:00', 8.00, 1.50),
(4, 2, '2025-11-04', '08:00:00', '17:00:00', 8.00, 1.00),
(5, 2, '2025-11-05', '08:15:00', '17:15:00', 8.00, 1.00),
(6, 2, '2025-11-06', '08:00:00', '16:45:00', 7.50, 0.50),
(7, 2, '2025-11-07', '08:00:00', '17:00:00', 8.00, 1.00),
(8, 2, '2025-11-08', '08:00:00', '17:30:00', 8.00, 1.50),
(9, 2, '2025-11-09', '08:00:00', '17:00:00', 8.00, 1.00),
(10, 2, '2025-11-10', '08:00:00', '17:00:00', 8.00, 1.00),
(11, 3, '2025-11-01', '08:15:00', '16:45:00', 7.50, 0.50),
(12, 3, '2025-11-02', '08:15:00', '17:00:00', 7.50, 0.50),
(13, 3, '2025-11-03', '08:15:00', '17:00:00', 7.50, 0.50),
(14, 3, '2025-11-04', '08:15:00', '16:45:00', 7.50, 0.50),
(15, 3, '2025-11-05', '08:15:00', '17:15:00', 8.00, 1.00),
(16, 3, '2025-11-06', '08:15:00', '17:00:00', 7.50, 0.50),
(17, 3, '2025-11-07', '08:15:00', '17:00:00', 7.50, 0.50),
(18, 3, '2025-11-08', '08:15:00', '17:15:00', 8.00, 1.00),
(19, 3, '2025-11-09', '08:15:00', '17:00:00', 7.50, 0.50),
(20, 3, '2025-11-10', '08:15:00', '16:45:00', 7.50, 0.50),
(21, 4, '2025-11-01', '09:00:00', '18:00:00', 8.00, 1.00),
(22, 4, '2025-11-02', '09:00:00', '18:00:00', 8.00, 1.00),
(23, 4, '2025-11-03', '09:00:00', '18:30:00', 8.00, 1.50),
(24, 4, '2025-11-04', '09:00:00', '18:00:00', 8.00, 1.00),
(25, 4, '2025-11-05', '09:00:00', '18:15:00', 8.00, 1.00),
(26, 4, '2025-11-06', '09:00:00', '18:00:00', 8.00, 1.00),
(27, 4, '2025-11-07', '09:00:00', '18:30:00', 8.00, 1.50),
(28, 4, '2025-11-08', '09:00:00', '18:00:00', 8.00, 1.00),
(29, 4, '2025-11-09', '09:00:00', '18:00:00', 8.00, 1.00),
(30, 4, '2025-11-10', '09:00:00', '18:00:00', 8.00, 1.00),
(31, 5, '2025-11-01', '08:00:00', '17:30:00', 8.00, 1.50),
(32, 5, '2025-11-02', '08:00:00', '17:30:00', 8.00, 1.50),
(33, 5, '2025-11-03', '08:00:00', '17:00:00', 8.00, 1.00),
(34, 5, '2025-11-04', '08:00:00', '17:30:00', 8.00, 1.50),
(35, 5, '2025-11-05', '08:00:00', '17:00:00', 8.00, 1.00),
(36, 5, '2025-11-06', '08:00:00', '17:30:00', 8.00, 1.50),
(37, 5, '2025-11-07', '08:00:00', '17:00:00', 8.00, 1.00),
(38, 5, '2025-11-08', '08:00:00', '17:30:00', 8.00, 1.50),
(39, 5, '2025-11-09', '08:00:00', '17:00:00', 8.00, 1.00),
(40, 5, '2025-11-10', '08:00:00', '17:30:00', 8.00, 1.50),
(41, 6, '2025-11-01', '08:30:00', '17:00:00', 7.50, 0.50),
(42, 6, '2025-11-02', '08:30:00', '17:00:00', 7.50, 0.50),
(43, 6, '2025-11-03', '08:30:00', '17:00:00', 7.50, 0.50),
(44, 6, '2025-11-04', '08:30:00', '17:00:00', 7.50, 0.50),
(45, 6, '2025-11-05', '08:30:00', '17:00:00', 7.50, 0.50),
(46, 6, '2025-11-06', '08:30:00', '17:00:00', 7.50, 0.50),
(47, 6, '2025-11-07', '08:30:00', '17:00:00', 7.50, 0.50),
(48, 6, '2025-11-08', '08:30:00', '17:00:00', 7.50, 0.50),
(49, 6, '2025-11-09', '08:30:00', '17:00:00', 7.50, 0.50),
(50, 6, '2025-11-10', '08:30:00', '17:00:00', 7.50, 0.50),
(51, 1, '2025-11-16', '09:00:00', '19:40:00', 8.00, 2.67),
(52, 2, '2025-01-01', '08:00:00', '17:00:00', 8.00, 1.00),
(53, 2, '2025-01-02', '08:00:00', '17:00:00', 8.00, 1.00),
(54, 2, '2025-01-03', '08:00:00', '17:30:00', 8.00, 1.50),
(55, 2, '2025-01-06', '08:00:00', '17:00:00', 8.00, 1.00),
(56, 2, '2025-01-07', '08:15:00', '17:15:00', 8.00, 1.00),
(57, 2, '2025-01-08', '08:00:00', '16:45:00', 7.50, 0.50),
(58, 2, '2025-01-09', '08:00:00', '17:00:00', 8.00, 1.00),
(59, 2, '2025-01-10', '08:00:00', '17:30:00', 8.00, 1.50),
(60, 2, '2025-01-13', '08:00:00', '17:00:00', 8.00, 1.00),
(61, 2, '2025-01-14', '08:00:00', '17:00:00', 8.00, 1.00),
(62, 2, '2025-01-15', '08:00:00', '17:30:00', 8.00, 1.50),
(63, 2, '2025-01-16', '08:00:00', '17:00:00', 8.00, 1.00),
(64, 2, '2025-01-17', '08:15:00', '17:15:00', 8.00, 1.00),
(65, 2, '2025-01-20', '08:00:00', '16:45:00', 7.50, 0.50),
(66, 2, '2025-01-21', '08:00:00', '17:00:00', 8.00, 1.00),
(67, 2, '2025-01-22', '08:00:00', '17:30:00', 8.00, 1.50),
(68, 2, '2025-01-23', '08:00:00', '17:00:00', 8.00, 1.00),
(69, 2, '2025-01-24', '08:00:00', '17:00:00', 8.00, 1.00),
(70, 2, '2025-01-27', '08:00:00', '17:30:00', 8.00, 1.50),
(71, 2, '2025-01-28', '08:00:00', '17:00:00', 8.00, 1.00),
(72, 2, '2025-01-29', '08:15:00', '17:15:00', 8.00, 1.00),
(73, 2, '2025-01-30', '08:00:00', '16:45:00', 7.50, 0.50),
(74, 2, '2025-01-31', '08:00:00', '17:00:00', 8.00, 1.00),
(75, 2, '2025-02-03', '08:00:00', '17:30:00', 8.00, 1.50),
(76, 2, '2025-02-04', '08:00:00', '17:00:00', 8.00, 1.00),
(77, 2, '2025-02-05', '08:00:00', '17:00:00', 8.00, 1.00),
(78, 2, '2025-02-06', '08:00:00', '17:30:00', 8.00, 1.50),
(79, 2, '2025-02-07', '08:00:00', '17:00:00', 8.00, 1.00),
(80, 2, '2025-02-10', '08:15:00', '17:15:00', 8.00, 1.00),
(81, 2, '2025-02-11', '08:00:00', '16:45:00', 7.50, 0.50),
(82, 2, '2025-02-12', '08:00:00', '17:00:00', 8.00, 1.00),
(83, 2, '2025-02-13', '08:00:00', '17:30:00', 8.00, 1.50),
(84, 2, '2025-02-14', '08:00:00', '17:00:00', 8.00, 1.00),
(85, 2, '2025-02-17', '08:00:00', '17:00:00', 8.00, 1.00),
(86, 2, '2025-02-18', '08:00:00', '17:30:00', 8.00, 1.50),
(87, 2, '2025-02-19', '08:00:00', '17:00:00', 8.00, 1.00),
(88, 2, '2025-02-20', '08:15:00', '17:15:00', 8.00, 1.00),
(89, 2, '2025-02-21', '08:00:00', '16:45:00', 7.50, 0.50),
(90, 2, '2025-02-24', '08:00:00', '17:00:00', 8.00, 1.00),
(91, 2, '2025-02-25', '08:00:00', '17:30:00', 8.00, 1.50),
(92, 2, '2025-02-26', '08:00:00', '17:00:00', 8.00, 1.00),
(93, 2, '2025-02-27', '08:00:00', '17:00:00', 8.00, 1.00),
(94, 2, '2025-02-28', '08:00:00', '17:30:00', 8.00, 1.50),
(95, 2, '2025-03-03', '08:00:00', '17:00:00', 8.00, 1.00),
(96, 2, '2025-03-04', '08:15:00', '17:15:00', 8.00, 1.00),
(97, 2, '2025-03-05', '08:00:00', '16:45:00', 7.50, 0.50),
(98, 2, '2025-03-06', '08:00:00', '17:00:00', 8.00, 1.00),
(99, 2, '2025-03-07', '08:00:00', '17:30:00', 8.00, 1.50),
(100, 2, '2025-03-10', '08:00:00', '17:00:00', 8.00, 1.00),
(101, 2, '2025-03-11', '08:00:00', '17:00:00', 8.00, 1.00),
(102, 2, '2025-03-12', '08:00:00', '17:30:00', 8.00, 1.50),
(103, 2, '2025-03-13', '08:00:00', '17:00:00', 8.00, 1.00),
(104, 2, '2025-03-14', '08:15:00', '17:15:00', 8.00, 1.00),
(105, 2, '2025-03-17', '08:00:00', '16:45:00', 7.50, 0.50),
(106, 2, '2025-03-18', '08:00:00', '17:00:00', 8.00, 1.00),
(107, 2, '2025-03-19', '08:00:00', '17:30:00', 8.00, 1.50),
(108, 2, '2025-03-20', '08:00:00', '17:00:00', 8.00, 1.00),
(109, 2, '2025-03-21', '08:00:00', '17:00:00', 8.00, 1.00),
(110, 2, '2025-03-24', '08:00:00', '17:30:00', 8.00, 1.50),
(111, 2, '2025-03-25', '08:00:00', '17:00:00', 8.00, 1.00),
(112, 2, '2025-03-26', '08:15:00', '17:15:00', 8.00, 1.00),
(113, 2, '2025-03-27', '08:00:00', '16:45:00', 7.50, 0.50),
(114, 2, '2025-03-28', '08:00:00', '17:00:00', 8.00, 1.00),
(115, 2, '2025-03-31', '08:00:00', '17:30:00', 8.00, 1.50),
(116, 2, '2025-04-01', '08:00:00', '17:00:00', 8.00, 1.00),
(117, 2, '2025-04-02', '08:00:00', '17:00:00', 8.00, 1.00),
(118, 2, '2025-04-03', '08:00:00', '17:30:00', 8.00, 1.50),
(119, 2, '2025-04-04', '08:00:00', '17:00:00', 8.00, 1.00),
(120, 2, '2025-04-07', '08:15:00', '17:15:00', 8.00, 1.00),
(121, 2, '2025-04-08', '08:00:00', '16:45:00', 7.50, 0.50),
(122, 2, '2025-04-09', '08:00:00', '17:00:00', 8.00, 1.00),
(123, 2, '2025-04-10', '08:00:00', '17:30:00', 8.00, 1.50),
(124, 2, '2025-04-11', '08:00:00', '17:00:00', 8.00, 1.00),
(125, 2, '2025-04-14', '08:00:00', '17:00:00', 8.00, 1.00),
(126, 2, '2025-04-15', '08:00:00', '17:30:00', 8.00, 1.50),
(127, 2, '2025-04-16', '08:00:00', '17:00:00', 8.00, 1.00),
(128, 2, '2025-04-17', '08:15:00', '17:15:00', 8.00, 1.00),
(129, 2, '2025-04-18', '08:00:00', '16:45:00', 7.50, 0.50),
(130, 2, '2025-04-21', '08:00:00', '17:00:00', 8.00, 1.00),
(131, 2, '2025-04-22', '08:00:00', '17:30:00', 8.00, 1.50),
(132, 2, '2025-04-23', '08:00:00', '17:00:00', 8.00, 1.00),
(133, 2, '2025-04-24', '08:00:00', '17:00:00', 8.00, 1.00),
(134, 2, '2025-04-25', '08:00:00', '17:30:00', 8.00, 1.50),
(135, 2, '2025-04-28', '08:00:00', '17:00:00', 8.00, 1.00),
(136, 2, '2025-04-29', '08:15:00', '17:15:00', 8.00, 1.00),
(137, 2, '2025-04-30', '08:00:00', '16:45:00', 7.50, 0.50),
(138, 2, '2025-05-01', '08:00:00', '17:00:00', 8.00, 1.00),
(139, 2, '2025-05-02', '08:00:00', '17:30:00', 8.00, 1.50),
(140, 2, '2025-05-05', '08:00:00', '17:00:00', 8.00, 1.00),
(141, 2, '2025-05-06', '08:00:00', '17:00:00', 8.00, 1.00),
(142, 2, '2025-05-07', '08:00:00', '17:30:00', 8.00, 1.50),
(143, 2, '2025-05-08', '08:00:00', '17:00:00', 8.00, 1.00),
(144, 2, '2025-05-09', '08:15:00', '17:15:00', 8.00, 1.00),
(145, 2, '2025-05-12', '08:00:00', '16:45:00', 7.50, 0.50),
(146, 2, '2025-05-13', '08:00:00', '17:00:00', 8.00, 1.00),
(147, 2, '2025-05-14', '08:00:00', '17:30:00', 8.00, 1.50),
(148, 2, '2025-05-15', '08:00:00', '17:00:00', 8.00, 1.00),
(149, 2, '2025-05-16', '08:00:00', '17:00:00', 8.00, 1.00),
(150, 2, '2025-05-19', '08:00:00', '17:30:00', 8.00, 1.50),
(151, 2, '2025-05-20', '08:00:00', '17:00:00', 8.00, 1.00),
(152, 2, '2025-05-21', '08:15:00', '17:15:00', 8.00, 1.00),
(153, 2, '2025-05-22', '08:00:00', '16:45:00', 7.50, 0.50),
(154, 2, '2025-05-23', '08:00:00', '17:00:00', 8.00, 1.00),
(155, 2, '2025-05-26', '08:00:00', '17:30:00', 8.00, 1.50),
(156, 2, '2025-05-27', '08:00:00', '17:00:00', 8.00, 1.00),
(157, 2, '2025-05-28', '08:00:00', '17:00:00', 8.00, 1.00),
(158, 2, '2025-05-29', '08:00:00', '17:30:00', 8.00, 1.50),
(159, 2, '2025-05-30', '08:00:00', '17:00:00', 8.00, 1.00),
(160, 2, '2025-06-02', '08:15:00', '17:15:00', 8.00, 1.00),
(161, 2, '2025-06-03', '08:00:00', '16:45:00', 7.50, 0.50),
(162, 2, '2025-06-04', '08:00:00', '17:00:00', 8.00, 1.00),
(163, 2, '2025-06-05', '08:00:00', '17:30:00', 8.00, 1.50),
(164, 2, '2025-06-06', '08:00:00', '17:00:00', 8.00, 1.00),
(165, 2, '2025-06-09', '08:00:00', '17:00:00', 8.00, 1.00),
(166, 2, '2025-06-10', '08:00:00', '17:30:00', 8.00, 1.50),
(167, 2, '2025-06-11', '08:00:00', '17:00:00', 8.00, 1.00),
(168, 2, '2025-06-12', '08:15:00', '17:15:00', 8.00, 1.00),
(169, 2, '2025-06-13', '08:00:00', '16:45:00', 7.50, 0.50),
(170, 2, '2025-06-16', '08:00:00', '17:00:00', 8.00, 1.00),
(171, 2, '2025-06-17', '08:00:00', '17:30:00', 8.00, 1.50),
(172, 2, '2025-06-18', '08:00:00', '17:00:00', 8.00, 1.00),
(173, 2, '2025-06-19', '08:00:00', '17:00:00', 8.00, 1.00),
(174, 2, '2025-06-20', '08:00:00', '17:30:00', 8.00, 1.50),
(175, 2, '2025-06-23', '08:00:00', '17:00:00', 8.00, 1.00),
(176, 2, '2025-06-24', '08:15:00', '17:15:00', 8.00, 1.00),
(177, 2, '2025-06-25', '08:00:00', '16:45:00', 7.50, 0.50),
(178, 2, '2025-06-26', '08:00:00', '17:00:00', 8.00, 1.00),
(179, 2, '2025-06-27', '08:00:00', '17:30:00', 8.00, 1.50),
(180, 2, '2025-06-30', '08:00:00', '17:00:00', 8.00, 1.00),
(181, 2, '2025-07-01', '08:00:00', '17:00:00', 8.00, 1.00),
(182, 2, '2025-07-02', '08:00:00', '17:30:00', 8.00, 1.50),
(183, 2, '2025-07-03', '08:00:00', '17:00:00', 8.00, 1.00),
(184, 2, '2025-07-04', '08:15:00', '17:15:00', 8.00, 1.00),
(185, 2, '2025-07-07', '08:00:00', '16:45:00', 7.50, 0.50),
(186, 2, '2025-07-08', '08:00:00', '17:00:00', 8.00, 1.00),
(187, 2, '2025-07-09', '08:00:00', '17:30:00', 8.00, 1.50),
(188, 2, '2025-07-10', '08:00:00', '17:00:00', 8.00, 1.00),
(189, 2, '2025-07-11', '08:00:00', '17:00:00', 8.00, 1.00),
(190, 2, '2025-07-14', '08:00:00', '17:30:00', 8.00, 1.50),
(191, 2, '2025-07-15', '08:00:00', '17:00:00', 8.00, 1.00),
(192, 2, '2025-07-16', '08:15:00', '17:15:00', 8.00, 1.00),
(193, 2, '2025-07-17', '08:00:00', '16:45:00', 7.50, 0.50),
(194, 2, '2025-07-18', '08:00:00', '17:00:00', 8.00, 1.00),
(195, 2, '2025-07-21', '08:00:00', '17:30:00', 8.00, 1.50),
(196, 2, '2025-07-22', '08:00:00', '17:00:00', 8.00, 1.00),
(197, 2, '2025-07-23', '08:00:00', '17:00:00', 8.00, 1.00),
(198, 2, '2025-07-24', '08:00:00', '17:30:00', 8.00, 1.50),
(199, 2, '2025-07-25', '08:00:00', '17:00:00', 8.00, 1.00),
(200, 2, '2025-07-28', '08:15:00', '17:15:00', 8.00, 1.00),
(201, 2, '2025-07-29', '08:00:00', '16:45:00', 7.50, 0.50),
(202, 2, '2025-07-30', '08:00:00', '17:00:00', 8.00, 1.00),
(203, 2, '2025-07-31', '08:00:00', '17:30:00', 8.00, 1.50),
(204, 2, '2025-08-01', '08:00:00', '17:00:00', 8.00, 1.00),
(205, 2, '2025-08-04', '08:00:00', '17:00:00', 8.00, 1.00),
(206, 2, '2025-08-05', '08:00:00', '17:30:00', 8.00, 1.50),
(207, 2, '2025-08-06', '08:00:00', '17:00:00', 8.00, 1.00),
(208, 2, '2025-08-07', '08:15:00', '17:15:00', 8.00, 1.00),
(209, 2, '2025-08-08', '08:00:00', '16:45:00', 7.50, 0.50),
(210, 2, '2025-08-11', '08:00:00', '17:00:00', 8.00, 1.00),
(211, 2, '2025-08-12', '08:00:00', '17:30:00', 8.00, 1.50),
(212, 2, '2025-08-13', '08:00:00', '17:00:00', 8.00, 1.00),
(213, 2, '2025-08-14', '08:00:00', '17:00:00', 8.00, 1.00),
(214, 2, '2025-08-15', '08:00:00', '17:30:00', 8.00, 1.50),
(215, 2, '2025-08-18', '08:00:00', '17:00:00', 8.00, 1.00),
(216, 2, '2025-08-19', '08:15:00', '17:15:00', 8.00, 1.00),
(217, 2, '2025-08-20', '08:00:00', '16:45:00', 7.50, 0.50),
(218, 2, '2025-08-21', '08:00:00', '17:00:00', 8.00, 1.00),
(219, 2, '2025-08-22', '08:00:00', '17:30:00', 8.00, 1.50),
(220, 2, '2025-08-25', '08:00:00', '17:00:00', 8.00, 1.00),
(221, 2, '2025-08-26', '08:00:00', '17:00:00', 8.00, 1.00),
(222, 2, '2025-08-27', '08:00:00', '17:30:00', 8.00, 1.50),
(223, 2, '2025-08-28', '08:00:00', '17:00:00', 8.00, 1.00),
(224, 2, '2025-08-29', '08:15:00', '17:15:00', 8.00, 1.00),
(225, 2, '2025-09-01', '08:00:00', '16:45:00', 7.50, 0.50),
(226, 2, '2025-09-02', '08:00:00', '17:00:00', 8.00, 1.00),
(227, 2, '2025-09-03', '08:00:00', '17:30:00', 8.00, 1.50),
(228, 2, '2025-09-04', '08:00:00', '17:00:00', 8.00, 1.00),
(229, 2, '2025-09-05', '08:00:00', '17:00:00', 8.00, 1.00),
(230, 2, '2025-09-08', '08:00:00', '17:30:00', 8.00, 1.50),
(231, 2, '2025-09-09', '08:00:00', '17:00:00', 8.00, 1.00),
(232, 2, '2025-09-10', '08:15:00', '17:15:00', 8.00, 1.00),
(233, 2, '2025-09-11', '08:00:00', '16:45:00', 7.50, 0.50),
(234, 2, '2025-09-12', '08:00:00', '17:00:00', 8.00, 1.00),
(235, 2, '2025-09-15', '08:00:00', '17:30:00', 8.00, 1.50),
(236, 2, '2025-09-16', '08:00:00', '17:00:00', 8.00, 1.00),
(237, 2, '2025-09-17', '08:00:00', '17:00:00', 8.00, 1.00),
(238, 2, '2025-09-18', '08:00:00', '17:30:00', 8.00, 1.50),
(239, 2, '2025-09-19', '08:00:00', '17:00:00', 8.00, 1.00),
(240, 2, '2025-09-22', '08:15:00', '17:15:00', 8.00, 1.00),
(241, 2, '2025-09-23', '08:00:00', '16:45:00', 7.50, 0.50),
(242, 2, '2025-09-24', '08:00:00', '17:00:00', 8.00, 1.00),
(243, 2, '2025-09-25', '08:00:00', '17:30:00', 8.00, 1.50),
(244, 2, '2025-09-26', '08:00:00', '17:00:00', 8.00, 1.00),
(245, 2, '2025-09-29', '08:00:00', '17:00:00', 8.00, 1.00),
(246, 2, '2025-09-30', '08:00:00', '17:30:00', 8.00, 1.50),
(247, 2, '2025-10-01', '08:00:00', '17:00:00', 8.00, 1.00),
(248, 2, '2025-10-02', '08:15:00', '17:15:00', 8.00, 1.00),
(249, 2, '2025-10-03', '08:00:00', '16:45:00', 7.50, 0.50),
(250, 2, '2025-10-06', '08:00:00', '17:00:00', 8.00, 1.00),
(251, 2, '2025-10-07', '08:00:00', '17:30:00', 8.00, 1.50),
(252, 2, '2025-10-08', '08:00:00', '17:00:00', 8.00, 1.00),
(253, 2, '2025-10-09', '08:00:00', '17:00:00', 8.00, 1.00),
(254, 2, '2025-10-10', '08:00:00', '17:30:00', 8.00, 1.50),
(255, 2, '2025-10-13', '08:00:00', '17:00:00', 8.00, 1.00),
(256, 2, '2025-10-14', '08:15:00', '17:15:00', 8.00, 1.00),
(257, 2, '2025-10-15', '08:00:00', '16:45:00', 7.50, 0.50),
(258, 2, '2025-10-16', '08:00:00', '17:00:00', 8.00, 1.00),
(259, 2, '2025-10-17', '08:00:00', '17:30:00', 8.00, 1.50),
(260, 2, '2025-10-20', '08:00:00', '17:00:00', 8.00, 1.00),
(261, 2, '2025-10-21', '08:00:00', '17:00:00', 8.00, 1.00),
(262, 2, '2025-10-22', '08:00:00', '17:30:00', 8.00, 1.50),
(263, 2, '2025-10-23', '08:00:00', '17:00:00', 8.00, 1.00),
(264, 2, '2025-10-24', '08:15:00', '17:15:00', 8.00, 1.00),
(265, 2, '2025-10-27', '08:00:00', '16:45:00', 7.50, 0.50),
(266, 2, '2025-10-28', '08:00:00', '17:00:00', 8.00, 1.00),
(267, 2, '2025-10-29', '08:00:00', '17:30:00', 8.00, 1.50),
(268, 2, '2025-10-30', '08:00:00', '17:00:00', 8.00, 1.00),
(269, 2, '2025-10-31', '08:00:00', '17:00:00', 8.00, 1.00),
(270, 3, '2025-01-01', '08:15:00', '16:45:00', 7.50, 0.50),
(271, 3, '2025-01-02', '08:15:00', '17:00:00', 7.50, 0.50),
(272, 3, '2025-01-03', '08:15:00', '17:00:00', 7.50, 0.50),
(273, 3, '2025-01-06', '08:15:00', '16:45:00', 7.50, 0.50),
(274, 3, '2025-01-07', '08:15:00', '17:15:00', 8.00, 1.00),
(275, 3, '2025-01-08', '08:15:00', '17:00:00', 7.50, 0.50),
(276, 3, '2025-01-09', '08:15:00', '17:00:00', 7.50, 0.50),
(277, 3, '2025-01-10', '08:15:00', '16:45:00', 7.50, 0.50),
(278, 3, '2025-01-13', '08:15:00', '16:45:00', 7.50, 0.50),
(279, 3, '2025-01-14', '08:15:00', '17:00:00', 7.50, 0.50),
(280, 3, '2025-01-15', '08:15:00', '17:00:00', 7.50, 0.50),
(281, 3, '2025-01-16', '08:15:00', '16:45:00', 7.50, 0.50),
(282, 3, '2025-01-17', '08:15:00', '17:15:00', 8.00, 1.00),
(283, 3, '2025-01-20', '08:15:00', '17:00:00', 7.50, 0.50),
(284, 3, '2025-01-21', '08:15:00', '17:00:00', 7.50, 0.50),
(285, 3, '2025-01-22', '08:15:00', '16:45:00', 7.50, 0.50),
(286, 3, '2025-01-23', '08:15:00', '16:45:00', 7.50, 0.50),
(287, 3, '2025-01-24', '08:15:00', '17:00:00', 7.50, 0.50),
(288, 3, '2025-01-27', '08:15:00', '17:00:00', 7.50, 0.50),
(289, 3, '2025-01-28', '08:15:00', '16:45:00', 7.50, 0.50),
(290, 3, '2025-01-29', '08:15:00', '17:15:00', 8.00, 1.00),
(291, 3, '2025-01-30', '08:15:00', '17:00:00', 7.50, 0.50),
(292, 3, '2025-01-31', '08:15:00', '17:00:00', 7.50, 0.50),
(293, 3, '2025-02-03', '08:15:00', '16:45:00', 7.50, 0.50),
(294, 3, '2025-02-04', '08:15:00', '16:45:00', 7.50, 0.50),
(295, 3, '2025-02-05', '08:15:00', '17:00:00', 7.50, 0.50),
(296, 3, '2025-02-06', '08:15:00', '17:00:00', 7.50, 0.50),
(297, 3, '2025-02-07', '08:15:00', '16:45:00', 7.50, 0.50),
(298, 3, '2025-02-10', '08:15:00', '17:15:00', 8.00, 1.00),
(299, 3, '2025-02-11', '08:15:00', '17:00:00', 7.50, 0.50),
(300, 3, '2025-02-12', '08:15:00', '17:00:00', 7.50, 0.50),
(301, 3, '2025-02-13', '08:15:00', '16:45:00', 7.50, 0.50),
(302, 3, '2025-02-14', '08:15:00', '16:45:00', 7.50, 0.50),
(303, 3, '2025-02-17', '08:15:00', '17:00:00', 7.50, 0.50),
(304, 3, '2025-02-18', '08:15:00', '17:00:00', 7.50, 0.50),
(305, 3, '2025-02-19', '08:15:00', '16:45:00', 7.50, 0.50),
(306, 3, '2025-02-20', '08:15:00', '17:15:00', 8.00, 1.00),
(307, 3, '2025-02-21', '08:15:00', '17:00:00', 7.50, 0.50),
(308, 3, '2025-02-24', '08:15:00', '17:00:00', 7.50, 0.50),
(309, 3, '2025-02-25', '08:15:00', '16:45:00', 7.50, 0.50),
(310, 3, '2025-02-26', '08:15:00', '16:45:00', 7.50, 0.50),
(311, 3, '2025-02-27', '08:15:00', '17:00:00', 7.50, 0.50),
(312, 3, '2025-02-28', '08:15:00', '17:00:00', 7.50, 0.50),
(313, 3, '2025-03-03', '08:15:00', '16:45:00', 7.50, 0.50),
(314, 3, '2025-03-04', '08:15:00', '17:15:00', 8.00, 1.00),
(315, 3, '2025-03-05', '08:15:00', '17:00:00', 7.50, 0.50),
(316, 3, '2025-03-06', '08:15:00', '17:00:00', 7.50, 0.50),
(317, 3, '2025-03-07', '08:15:00', '16:45:00', 7.50, 0.50),
(318, 3, '2025-03-10', '08:15:00', '16:45:00', 7.50, 0.50),
(319, 3, '2025-03-11', '08:15:00', '17:00:00', 7.50, 0.50),
(320, 3, '2025-03-12', '08:15:00', '17:00:00', 7.50, 0.50),
(321, 3, '2025-03-13', '08:15:00', '16:45:00', 7.50, 0.50),
(322, 3, '2025-03-14', '08:15:00', '17:15:00', 8.00, 1.00),
(323, 3, '2025-03-17', '08:15:00', '17:00:00', 7.50, 0.50),
(324, 3, '2025-03-18', '08:15:00', '17:00:00', 7.50, 0.50),
(325, 3, '2025-03-19', '08:15:00', '16:45:00', 7.50, 0.50),
(326, 3, '2025-03-20', '08:15:00', '16:45:00', 7.50, 0.50),
(327, 3, '2025-03-21', '08:15:00', '17:00:00', 7.50, 0.50),
(328, 3, '2025-03-24', '08:15:00', '17:00:00', 7.50, 0.50),
(329, 3, '2025-03-25', '08:15:00', '16:45:00', 7.50, 0.50),
(330, 3, '2025-03-26', '08:15:00', '17:15:00', 8.00, 1.00),
(331, 3, '2025-03-27', '08:15:00', '17:00:00', 7.50, 0.50),
(332, 3, '2025-03-28', '08:15:00', '17:00:00', 7.50, 0.50),
(333, 3, '2025-03-31', '08:15:00', '16:45:00', 7.50, 0.50),
(334, 3, '2025-04-01', '08:15:00', '16:45:00', 7.50, 0.50),
(335, 3, '2025-04-02', '08:15:00', '17:00:00', 7.50, 0.50),
(336, 3, '2025-04-03', '08:15:00', '17:00:00', 7.50, 0.50),
(337, 3, '2025-04-04', '08:15:00', '16:45:00', 7.50, 0.50),
(338, 3, '2025-04-07', '08:15:00', '17:15:00', 8.00, 1.00),
(339, 3, '2025-04-08', '08:15:00', '17:00:00', 7.50, 0.50),
(340, 3, '2025-04-09', '08:15:00', '17:00:00', 7.50, 0.50),
(341, 3, '2025-04-10', '08:15:00', '16:45:00', 7.50, 0.50),
(342, 3, '2025-04-11', '08:15:00', '16:45:00', 7.50, 0.50),
(343, 3, '2025-04-14', '08:15:00', '17:00:00', 7.50, 0.50),
(344, 3, '2025-04-15', '08:15:00', '17:00:00', 7.50, 0.50),
(345, 3, '2025-04-16', '08:15:00', '16:45:00', 7.50, 0.50),
(346, 3, '2025-04-17', '08:15:00', '17:15:00', 8.00, 1.00),
(347, 3, '2025-04-18', '08:15:00', '17:00:00', 7.50, 0.50),
(348, 3, '2025-04-21', '08:15:00', '17:00:00', 7.50, 0.50),
(349, 3, '2025-04-22', '08:15:00', '16:45:00', 7.50, 0.50),
(350, 3, '2025-04-23', '08:15:00', '16:45:00', 7.50, 0.50),
(351, 3, '2025-04-24', '08:15:00', '17:00:00', 7.50, 0.50),
(352, 3, '2025-04-25', '08:15:00', '17:00:00', 7.50, 0.50),
(353, 3, '2025-04-28', '08:15:00', '16:45:00', 7.50, 0.50),
(354, 3, '2025-04-29', '08:15:00', '17:15:00', 8.00, 1.00),
(355, 3, '2025-04-30', '08:15:00', '17:00:00', 7.50, 0.50),
(356, 3, '2025-05-01', '08:15:00', '17:00:00', 7.50, 0.50),
(357, 3, '2025-05-02', '08:15:00', '16:45:00', 7.50, 0.50),
(358, 3, '2025-05-05', '08:15:00', '16:45:00', 7.50, 0.50),
(359, 3, '2025-05-06', '08:15:00', '17:00:00', 7.50, 0.50),
(360, 3, '2025-05-07', '08:15:00', '17:00:00', 7.50, 0.50),
(361, 3, '2025-05-08', '08:15:00', '16:45:00', 7.50, 0.50),
(362, 3, '2025-05-09', '08:15:00', '17:15:00', 8.00, 1.00),
(363, 3, '2025-05-12', '08:15:00', '17:00:00', 7.50, 0.50),
(364, 3, '2025-05-13', '08:15:00', '17:00:00', 7.50, 0.50),
(365, 3, '2025-05-14', '08:15:00', '16:45:00', 7.50, 0.50),
(366, 3, '2025-05-15', '08:15:00', '16:45:00', 7.50, 0.50),
(367, 3, '2025-05-16', '08:15:00', '17:00:00', 7.50, 0.50),
(368, 3, '2025-05-19', '08:15:00', '17:00:00', 7.50, 0.50),
(369, 3, '2025-05-20', '08:15:00', '16:45:00', 7.50, 0.50),
(370, 3, '2025-05-21', '08:15:00', '17:15:00', 8.00, 1.00),
(371, 3, '2025-05-22', '08:15:00', '17:00:00', 7.50, 0.50),
(372, 3, '2025-05-23', '08:15:00', '17:00:00', 7.50, 0.50),
(373, 3, '2025-05-26', '08:15:00', '16:45:00', 7.50, 0.50),
(374, 3, '2025-05-27', '08:15:00', '16:45:00', 7.50, 0.50),
(375, 3, '2025-05-28', '08:15:00', '17:00:00', 7.50, 0.50),
(376, 3, '2025-05-29', '08:15:00', '17:00:00', 7.50, 0.50),
(377, 3, '2025-05-30', '08:15:00', '16:45:00', 7.50, 0.50),
(378, 3, '2025-06-02', '08:15:00', '17:15:00', 8.00, 1.00),
(379, 3, '2025-06-03', '08:15:00', '17:00:00', 7.50, 0.50),
(380, 3, '2025-06-04', '08:15:00', '17:00:00', 7.50, 0.50),
(381, 3, '2025-06-05', '08:15:00', '16:45:00', 7.50, 0.50),
(382, 3, '2025-06-06', '08:15:00', '16:45:00', 7.50, 0.50),
(383, 3, '2025-06-09', '08:15:00', '17:00:00', 7.50, 0.50),
(384, 3, '2025-06-10', '08:15:00', '17:00:00', 7.50, 0.50),
(385, 3, '2025-06-11', '08:15:00', '16:45:00', 7.50, 0.50),
(386, 3, '2025-06-12', '08:15:00', '17:15:00', 8.00, 1.00),
(387, 3, '2025-06-13', '08:15:00', '17:00:00', 7.50, 0.50),
(388, 3, '2025-06-16', '08:15:00', '17:00:00', 7.50, 0.50),
(389, 3, '2025-06-17', '08:15:00', '16:45:00', 7.50, 0.50),
(390, 3, '2025-06-18', '08:15:00', '16:45:00', 7.50, 0.50),
(391, 3, '2025-06-19', '08:15:00', '17:00:00', 7.50, 0.50),
(392, 3, '2025-06-20', '08:15:00', '17:00:00', 7.50, 0.50),
(393, 3, '2025-06-23', '08:15:00', '16:45:00', 7.50, 0.50),
(394, 3, '2025-06-24', '08:15:00', '17:15:00', 8.00, 1.00),
(395, 3, '2025-06-25', '08:15:00', '17:00:00', 7.50, 0.50),
(396, 3, '2025-06-26', '08:15:00', '17:00:00', 7.50, 0.50),
(397, 3, '2025-06-27', '08:15:00', '16:45:00', 7.50, 0.50),
(398, 3, '2025-06-30', '08:15:00', '16:45:00', 7.50, 0.50),
(399, 3, '2025-07-01', '08:15:00', '17:00:00', 7.50, 0.50),
(400, 3, '2025-07-02', '08:15:00', '17:00:00', 7.50, 0.50),
(401, 3, '2025-07-03', '08:15:00', '16:45:00', 7.50, 0.50),
(402, 3, '2025-07-04', '08:15:00', '17:15:00', 8.00, 1.00),
(403, 3, '2025-07-07', '08:15:00', '17:00:00', 7.50, 0.50),
(404, 3, '2025-07-08', '08:15:00', '17:00:00', 7.50, 0.50),
(405, 3, '2025-07-09', '08:15:00', '16:45:00', 7.50, 0.50),
(406, 3, '2025-07-10', '08:15:00', '16:45:00', 7.50, 0.50),
(407, 3, '2025-07-11', '08:15:00', '17:00:00', 7.50, 0.50),
(408, 3, '2025-07-14', '08:15:00', '17:00:00', 7.50, 0.50),
(409, 3, '2025-07-15', '08:15:00', '16:45:00', 7.50, 0.50),
(410, 3, '2025-07-16', '08:15:00', '17:15:00', 8.00, 1.00),
(411, 3, '2025-07-17', '08:15:00', '17:00:00', 7.50, 0.50),
(412, 3, '2025-07-18', '08:15:00', '17:00:00', 7.50, 0.50),
(413, 3, '2025-07-21', '08:15:00', '16:45:00', 7.50, 0.50),
(414, 3, '2025-07-22', '08:15:00', '16:45:00', 7.50, 0.50),
(415, 3, '2025-07-23', '08:15:00', '17:00:00', 7.50, 0.50),
(416, 3, '2025-07-24', '08:15:00', '17:00:00', 7.50, 0.50),
(417, 3, '2025-07-25', '08:15:00', '16:45:00', 7.50, 0.50),
(418, 3, '2025-07-28', '08:15:00', '17:15:00', 8.00, 1.00),
(419, 3, '2025-07-29', '08:15:00', '17:00:00', 7.50, 0.50),
(420, 3, '2025-07-30', '08:15:00', '17:00:00', 7.50, 0.50),
(421, 3, '2025-07-31', '08:15:00', '16:45:00', 7.50, 0.50),
(422, 3, '2025-08-01', '08:15:00', '16:45:00', 7.50, 0.50),
(423, 3, '2025-08-04', '08:15:00', '17:00:00', 7.50, 0.50),
(424, 3, '2025-08-05', '08:15:00', '17:00:00', 7.50, 0.50),
(425, 3, '2025-08-06', '08:15:00', '16:45:00', 7.50, 0.50),
(426, 3, '2025-08-07', '08:15:00', '17:15:00', 8.00, 1.00),
(427, 3, '2025-08-08', '08:15:00', '17:00:00', 7.50, 0.50),
(428, 3, '2025-08-11', '08:15:00', '17:00:00', 7.50, 0.50),
(429, 3, '2025-08-12', '08:15:00', '16:45:00', 7.50, 0.50),
(430, 3, '2025-08-13', '08:15:00', '16:45:00', 7.50, 0.50),
(431, 3, '2025-08-14', '08:15:00', '17:00:00', 7.50, 0.50),
(432, 3, '2025-08-15', '08:15:00', '17:00:00', 7.50, 0.50),
(433, 3, '2025-08-18', '08:15:00', '16:45:00', 7.50, 0.50),
(434, 3, '2025-08-19', '08:15:00', '17:15:00', 8.00, 1.00),
(435, 3, '2025-08-20', '08:15:00', '17:00:00', 7.50, 0.50),
(436, 3, '2025-08-21', '08:15:00', '17:00:00', 7.50, 0.50),
(437, 3, '2025-08-22', '08:15:00', '16:45:00', 7.50, 0.50),
(438, 3, '2025-08-25', '08:15:00', '16:45:00', 7.50, 0.50),
(439, 3, '2025-08-26', '08:15:00', '17:00:00', 7.50, 0.50),
(440, 3, '2025-08-27', '08:15:00', '17:00:00', 7.50, 0.50),
(441, 3, '2025-08-28', '08:15:00', '16:45:00', 7.50, 0.50),
(442, 3, '2025-08-29', '08:15:00', '17:15:00', 8.00, 1.00),
(443, 3, '2025-09-01', '08:15:00', '17:00:00', 7.50, 0.50),
(444, 3, '2025-09-02', '08:15:00', '17:00:00', 7.50, 0.50),
(445, 3, '2025-09-03', '08:15:00', '16:45:00', 7.50, 0.50),
(446, 3, '2025-09-04', '08:15:00', '16:45:00', 7.50, 0.50),
(447, 3, '2025-09-05', '08:15:00', '17:00:00', 7.50, 0.50),
(448, 3, '2025-09-08', '08:15:00', '17:00:00', 7.50, 0.50),
(449, 3, '2025-09-09', '08:15:00', '16:45:00', 7.50, 0.50),
(450, 3, '2025-09-10', '08:15:00', '17:15:00', 8.00, 1.00),
(451, 3, '2025-09-11', '08:15:00', '17:00:00', 7.50, 0.50),
(452, 3, '2025-09-12', '08:15:00', '17:00:00', 7.50, 0.50),
(453, 3, '2025-09-15', '08:15:00', '16:45:00', 7.50, 0.50),
(454, 3, '2025-09-16', '08:15:00', '16:45:00', 7.50, 0.50),
(455, 3, '2025-09-17', '08:15:00', '17:00:00', 7.50, 0.50),
(456, 3, '2025-09-18', '08:15:00', '17:00:00', 7.50, 0.50),
(457, 3, '2025-09-19', '08:15:00', '16:45:00', 7.50, 0.50),
(458, 3, '2025-09-22', '08:15:00', '17:15:00', 8.00, 1.00),
(459, 3, '2025-09-23', '08:15:00', '17:00:00', 7.50, 0.50),
(460, 3, '2025-09-24', '08:15:00', '17:00:00', 7.50, 0.50),
(461, 3, '2025-09-25', '08:15:00', '16:45:00', 7.50, 0.50),
(462, 3, '2025-09-26', '08:15:00', '16:45:00', 7.50, 0.50),
(463, 3, '2025-09-29', '08:15:00', '17:00:00', 7.50, 0.50),
(464, 3, '2025-09-30', '08:15:00', '17:00:00', 7.50, 0.50),
(465, 3, '2025-10-01', '08:15:00', '16:45:00', 7.50, 0.50),
(466, 3, '2025-10-02', '08:15:00', '17:15:00', 8.00, 1.00),
(467, 3, '2025-10-03', '08:15:00', '17:00:00', 7.50, 0.50),
(468, 3, '2025-10-06', '08:15:00', '17:00:00', 7.50, 0.50),
(469, 3, '2025-10-07', '08:15:00', '16:45:00', 7.50, 0.50),
(470, 3, '2025-10-08', '08:15:00', '16:45:00', 7.50, 0.50),
(471, 3, '2025-10-09', '08:15:00', '17:00:00', 7.50, 0.50),
(472, 3, '2025-10-10', '08:15:00', '17:00:00', 7.50, 0.50),
(473, 3, '2025-10-13', '08:15:00', '16:45:00', 7.50, 0.50),
(474, 3, '2025-10-14', '08:15:00', '17:15:00', 8.00, 1.00),
(475, 3, '2025-10-15', '08:15:00', '17:00:00', 7.50, 0.50),
(476, 3, '2025-10-16', '08:15:00', '17:00:00', 7.50, 0.50),
(477, 3, '2025-10-17', '08:15:00', '16:45:00', 7.50, 0.50),
(478, 3, '2025-10-20', '08:15:00', '16:45:00', 7.50, 0.50),
(479, 3, '2025-10-21', '08:15:00', '17:00:00', 7.50, 0.50),
(480, 3, '2025-10-22', '08:15:00', '17:00:00', 7.50, 0.50),
(481, 3, '2025-10-23', '08:15:00', '16:45:00', 7.50, 0.50),
(482, 3, '2025-10-24', '08:15:00', '17:15:00', 8.00, 1.00),
(483, 3, '2025-10-27', '08:15:00', '17:00:00', 7.50, 0.50),
(484, 3, '2025-10-28', '08:15:00', '17:00:00', 7.50, 0.50),
(485, 3, '2025-10-29', '08:15:00', '16:45:00', 7.50, 0.50),
(486, 3, '2025-10-30', '08:15:00', '16:45:00', 7.50, 0.50),
(487, 3, '2025-10-31', '08:15:00', '17:00:00', 7.50, 0.50),
(488, 4, '2025-01-01', '09:00:00', '18:00:00', 8.00, 1.00),
(489, 4, '2025-01-02', '09:00:00', '18:00:00', 8.00, 1.00),
(490, 4, '2025-01-03', '09:00:00', '18:30:00', 8.00, 1.50),
(491, 4, '2025-01-06', '09:00:00', '18:00:00', 8.00, 1.00),
(492, 4, '2025-01-07', '09:00:00', '18:15:00', 8.00, 1.00),
(493, 4, '2025-01-08', '09:00:00', '18:00:00', 8.00, 1.00),
(494, 4, '2025-01-09', '09:00:00', '18:00:00', 8.00, 1.00),
(495, 4, '2025-01-10', '09:00:00', '18:30:00', 8.00, 1.50),
(496, 4, '2025-01-13', '09:00:00', '18:00:00', 8.00, 1.00),
(497, 4, '2025-01-14', '09:00:00', '18:00:00', 8.00, 1.00),
(498, 4, '2025-01-15', '09:00:00', '18:30:00', 8.00, 1.50),
(499, 4, '2025-01-16', '09:00:00', '18:00:00', 8.00, 1.00),
(500, 4, '2025-01-17', '09:00:00', '18:15:00', 8.00, 1.00),
(501, 4, '2025-01-20', '09:00:00', '18:00:00', 8.00, 1.00),
(502, 4, '2025-01-21', '09:00:00', '18:00:00', 8.00, 1.00),
(503, 4, '2025-01-22', '09:00:00', '18:30:00', 8.00, 1.50),
(504, 4, '2025-01-23', '09:00:00', '18:00:00', 8.00, 1.00),
(505, 4, '2025-01-24', '09:00:00', '18:00:00', 8.00, 1.00),
(506, 4, '2025-01-27', '09:00:00', '18:30:00', 8.00, 1.50),
(507, 4, '2025-01-28', '09:00:00', '18:00:00', 8.00, 1.00),
(508, 4, '2025-01-29', '09:00:00', '18:15:00', 8.00, 1.00),
(509, 4, '2025-01-30', '09:00:00', '18:00:00', 8.00, 1.00),
(510, 4, '2025-01-31', '09:00:00', '18:00:00', 8.00, 1.00),
(511, 4, '2025-02-03', '09:00:00', '18:30:00', 8.00, 1.50),
(512, 4, '2025-02-04', '09:00:00', '18:00:00', 8.00, 1.00),
(513, 4, '2025-02-05', '09:00:00', '18:00:00', 8.00, 1.00),
(514, 4, '2025-02-06', '09:00:00', '18:30:00', 8.00, 1.50),
(515, 4, '2025-02-07', '09:00:00', '18:00:00', 8.00, 1.00),
(516, 4, '2025-02-10', '09:00:00', '18:15:00', 8.00, 1.00),
(517, 4, '2025-02-11', '09:00:00', '18:00:00', 8.00, 1.00),
(518, 4, '2025-02-12', '09:00:00', '18:00:00', 8.00, 1.00),
(519, 4, '2025-02-13', '09:00:00', '18:30:00', 8.00, 1.50),
(520, 4, '2025-02-14', '09:00:00', '18:00:00', 8.00, 1.00),
(521, 4, '2025-02-17', '09:00:00', '18:00:00', 8.00, 1.00),
(522, 4, '2025-02-18', '09:00:00', '18:30:00', 8.00, 1.50),
(523, 4, '2025-02-19', '09:00:00', '18:00:00', 8.00, 1.00),
(524, 4, '2025-02-20', '09:00:00', '18:15:00', 8.00, 1.00),
(525, 4, '2025-02-21', '09:00:00', '18:00:00', 8.00, 1.00),
(526, 4, '2025-02-24', '09:00:00', '18:00:00', 8.00, 1.00),
(527, 4, '2025-02-25', '09:00:00', '18:30:00', 8.00, 1.50),
(528, 4, '2025-02-26', '09:00:00', '18:00:00', 8.00, 1.00),
(529, 4, '2025-02-27', '09:00:00', '18:00:00', 8.00, 1.00),
(530, 4, '2025-02-28', '09:00:00', '18:30:00', 8.00, 1.50),
(531, 4, '2025-03-03', '09:00:00', '18:00:00', 8.00, 1.00),
(532, 4, '2025-03-04', '09:00:00', '18:15:00', 8.00, 1.00),
(533, 4, '2025-03-05', '09:00:00', '18:00:00', 8.00, 1.00),
(534, 4, '2025-03-06', '09:00:00', '18:00:00', 8.00, 1.00),
(535, 4, '2025-03-07', '09:00:00', '18:30:00', 8.00, 1.50),
(536, 4, '2025-03-10', '09:00:00', '18:00:00', 8.00, 1.00),
(537, 4, '2025-03-11', '09:00:00', '18:00:00', 8.00, 1.00),
(538, 4, '2025-03-12', '09:00:00', '18:30:00', 8.00, 1.50),
(539, 4, '2025-03-13', '09:00:00', '18:00:00', 8.00, 1.00),
(540, 4, '2025-03-14', '09:00:00', '18:15:00', 8.00, 1.00),
(541, 4, '2025-03-17', '09:00:00', '18:00:00', 8.00, 1.00),
(542, 4, '2025-03-18', '09:00:00', '18:00:00', 8.00, 1.00),
(543, 4, '2025-03-19', '09:00:00', '18:30:00', 8.00, 1.50),
(544, 4, '2025-03-20', '09:00:00', '18:00:00', 8.00, 1.00),
(545, 4, '2025-03-21', '09:00:00', '18:00:00', 8.00, 1.00),
(546, 4, '2025-03-24', '09:00:00', '18:30:00', 8.00, 1.50),
(547, 4, '2025-03-25', '09:00:00', '18:00:00', 8.00, 1.00),
(548, 4, '2025-03-26', '09:00:00', '18:15:00', 8.00, 1.00),
(549, 4, '2025-03-27', '09:00:00', '18:00:00', 8.00, 1.00),
(550, 4, '2025-03-28', '09:00:00', '18:00:00', 8.00, 1.00),
(551, 4, '2025-03-31', '09:00:00', '18:30:00', 8.00, 1.50),
(552, 4, '2025-04-01', '09:00:00', '18:00:00', 8.00, 1.00),
(553, 4, '2025-04-02', '09:00:00', '18:00:00', 8.00, 1.00),
(554, 4, '2025-04-03', '09:00:00', '18:30:00', 8.00, 1.50),
(555, 4, '2025-04-04', '09:00:00', '18:00:00', 8.00, 1.00),
(556, 4, '2025-04-07', '09:00:00', '18:15:00', 8.00, 1.00),
(557, 4, '2025-04-08', '09:00:00', '18:00:00', 8.00, 1.00),
(558, 4, '2025-04-09', '09:00:00', '18:00:00', 8.00, 1.00),
(559, 4, '2025-04-10', '09:00:00', '18:30:00', 8.00, 1.50),
(560, 4, '2025-04-11', '09:00:00', '18:00:00', 8.00, 1.00),
(561, 4, '2025-04-14', '09:00:00', '18:00:00', 8.00, 1.00),
(562, 4, '2025-04-15', '09:00:00', '18:30:00', 8.00, 1.50),
(563, 4, '2025-04-16', '09:00:00', '18:00:00', 8.00, 1.00),
(564, 4, '2025-04-17', '09:00:00', '18:15:00', 8.00, 1.00),
(565, 4, '2025-04-18', '09:00:00', '18:00:00', 8.00, 1.00),
(566, 4, '2025-04-21', '09:00:00', '18:00:00', 8.00, 1.00),
(567, 4, '2025-04-22', '09:00:00', '18:30:00', 8.00, 1.50),
(568, 4, '2025-04-23', '09:00:00', '18:00:00', 8.00, 1.00),
(569, 4, '2025-04-24', '09:00:00', '18:00:00', 8.00, 1.00),
(570, 4, '2025-04-25', '09:00:00', '18:30:00', 8.00, 1.50),
(571, 4, '2025-04-28', '09:00:00', '18:00:00', 8.00, 1.00),
(572, 4, '2025-04-29', '09:00:00', '18:15:00', 8.00, 1.00),
(573, 4, '2025-04-30', '09:00:00', '18:00:00', 8.00, 1.00),
(574, 4, '2025-05-01', '09:00:00', '18:00:00', 8.00, 1.00),
(575, 4, '2025-05-02', '09:00:00', '18:30:00', 8.00, 1.50),
(576, 4, '2025-05-05', '09:00:00', '18:00:00', 8.00, 1.00),
(577, 4, '2025-05-06', '09:00:00', '18:00:00', 8.00, 1.00),
(578, 4, '2025-05-07', '09:00:00', '18:30:00', 8.00, 1.50),
(579, 4, '2025-05-08', '09:00:00', '18:00:00', 8.00, 1.00),
(580, 4, '2025-05-09', '09:00:00', '18:15:00', 8.00, 1.00),
(581, 4, '2025-05-12', '09:00:00', '18:00:00', 8.00, 1.00),
(582, 4, '2025-05-13', '09:00:00', '18:00:00', 8.00, 1.00),
(583, 4, '2025-05-14', '09:00:00', '18:30:00', 8.00, 1.50),
(584, 4, '2025-05-15', '09:00:00', '18:00:00', 8.00, 1.00),
(585, 4, '2025-05-16', '09:00:00', '18:00:00', 8.00, 1.00),
(586, 4, '2025-05-19', '09:00:00', '18:30:00', 8.00, 1.50),
(587, 4, '2025-05-20', '09:00:00', '18:00:00', 8.00, 1.00),
(588, 4, '2025-05-21', '09:00:00', '18:15:00', 8.00, 1.00),
(589, 4, '2025-05-22', '09:00:00', '18:00:00', 8.00, 1.00),
(590, 4, '2025-05-23', '09:00:00', '18:00:00', 8.00, 1.00),
(591, 4, '2025-05-26', '09:00:00', '18:30:00', 8.00, 1.50),
(592, 4, '2025-05-27', '09:00:00', '18:00:00', 8.00, 1.00),
(593, 4, '2025-05-28', '09:00:00', '18:00:00', 8.00, 1.00),
(594, 4, '2025-05-29', '09:00:00', '18:30:00', 8.00, 1.50),
(595, 4, '2025-05-30', '09:00:00', '18:00:00', 8.00, 1.00),
(596, 4, '2025-06-02', '09:00:00', '18:15:00', 8.00, 1.00),
(597, 4, '2025-06-03', '09:00:00', '18:00:00', 8.00, 1.00),
(598, 4, '2025-06-04', '09:00:00', '18:00:00', 8.00, 1.00),
(599, 4, '2025-06-05', '09:00:00', '18:30:00', 8.00, 1.50),
(600, 4, '2025-06-06', '09:00:00', '18:00:00', 8.00, 1.00),
(601, 4, '2025-06-09', '09:00:00', '18:00:00', 8.00, 1.00),
(602, 4, '2025-06-10', '09:00:00', '18:30:00', 8.00, 1.50),
(603, 4, '2025-06-11', '09:00:00', '18:00:00', 8.00, 1.00),
(604, 4, '2025-06-12', '09:00:00', '18:15:00', 8.00, 1.00),
(605, 4, '2025-06-13', '09:00:00', '18:00:00', 8.00, 1.00),
(606, 4, '2025-06-16', '09:00:00', '18:00:00', 8.00, 1.00),
(607, 4, '2025-06-17', '09:00:00', '18:30:00', 8.00, 1.50),
(608, 4, '2025-06-18', '09:00:00', '18:00:00', 8.00, 1.00),
(609, 4, '2025-06-19', '09:00:00', '18:00:00', 8.00, 1.00),
(610, 4, '2025-06-20', '09:00:00', '18:30:00', 8.00, 1.50),
(611, 4, '2025-06-23', '09:00:00', '18:00:00', 8.00, 1.00),
(612, 4, '2025-06-24', '09:00:00', '18:15:00', 8.00, 1.00),
(613, 4, '2025-06-25', '09:00:00', '18:00:00', 8.00, 1.00),
(614, 4, '2025-06-26', '09:00:00', '18:00:00', 8.00, 1.00),
(615, 4, '2025-06-27', '09:00:00', '18:30:00', 8.00, 1.50),
(616, 4, '2025-06-30', '09:00:00', '18:00:00', 8.00, 1.00),
(617, 4, '2025-07-01', '09:00:00', '18:00:00', 8.00, 1.00),
(618, 4, '2025-07-02', '09:00:00', '18:30:00', 8.00, 1.50),
(619, 4, '2025-07-03', '09:00:00', '18:00:00', 8.00, 1.00),
(620, 4, '2025-07-04', '09:00:00', '18:15:00', 8.00, 1.00),
(621, 4, '2025-07-07', '09:00:00', '18:00:00', 8.00, 1.00),
(622, 4, '2025-07-08', '09:00:00', '18:00:00', 8.00, 1.00),
(623, 4, '2025-07-09', '09:00:00', '18:30:00', 8.00, 1.50),
(624, 4, '2025-07-10', '09:00:00', '18:00:00', 8.00, 1.00),
(625, 4, '2025-07-11', '09:00:00', '18:00:00', 8.00, 1.00),
(626, 4, '2025-07-14', '09:00:00', '18:30:00', 8.00, 1.50),
(627, 4, '2025-07-15', '09:00:00', '18:00:00', 8.00, 1.00),
(628, 4, '2025-07-16', '09:00:00', '18:15:00', 8.00, 1.00),
(629, 4, '2025-07-17', '09:00:00', '18:00:00', 8.00, 1.00),
(630, 4, '2025-07-18', '09:00:00', '18:00:00', 8.00, 1.00),
(631, 4, '2025-07-21', '09:00:00', '18:30:00', 8.00, 1.50),
(632, 4, '2025-07-22', '09:00:00', '18:00:00', 8.00, 1.00),
(633, 4, '2025-07-23', '09:00:00', '18:00:00', 8.00, 1.00),
(634, 4, '2025-07-24', '09:00:00', '18:30:00', 8.00, 1.50),
(635, 4, '2025-07-25', '09:00:00', '18:00:00', 8.00, 1.00),
(636, 4, '2025-07-28', '09:00:00', '18:15:00', 8.00, 1.00),
(637, 4, '2025-07-29', '09:00:00', '18:00:00', 8.00, 1.00),
(638, 4, '2025-07-30', '09:00:00', '18:00:00', 8.00, 1.00),
(639, 4, '2025-07-31', '09:00:00', '18:30:00', 8.00, 1.50),
(640, 4, '2025-08-01', '09:00:00', '18:00:00', 8.00, 1.00),
(641, 4, '2025-08-04', '09:00:00', '18:00:00', 8.00, 1.00),
(642, 4, '2025-08-05', '09:00:00', '18:30:00', 8.00, 1.50),
(643, 4, '2025-08-06', '09:00:00', '18:00:00', 8.00, 1.00),
(644, 4, '2025-08-07', '09:00:00', '18:15:00', 8.00, 1.00),
(645, 4, '2025-08-08', '09:00:00', '18:00:00', 8.00, 1.00),
(646, 4, '2025-08-11', '09:00:00', '18:00:00', 8.00, 1.00),
(647, 4, '2025-08-12', '09:00:00', '18:30:00', 8.00, 1.50),
(648, 4, '2025-08-13', '09:00:00', '18:00:00', 8.00, 1.00),
(649, 4, '2025-08-14', '09:00:00', '18:00:00', 8.00, 1.00),
(650, 4, '2025-08-15', '09:00:00', '18:30:00', 8.00, 1.50),
(651, 4, '2025-08-18', '09:00:00', '18:00:00', 8.00, 1.00),
(652, 4, '2025-08-19', '09:00:00', '18:15:00', 8.00, 1.00),
(653, 4, '2025-08-20', '09:00:00', '18:00:00', 8.00, 1.00),
(654, 4, '2025-08-21', '09:00:00', '18:00:00', 8.00, 1.00),
(655, 4, '2025-08-22', '09:00:00', '18:30:00', 8.00, 1.50),
(656, 4, '2025-08-25', '09:00:00', '18:00:00', 8.00, 1.00),
(657, 4, '2025-08-26', '09:00:00', '18:00:00', 8.00, 1.00),
(658, 4, '2025-08-27', '09:00:00', '18:30:00', 8.00, 1.50),
(659, 4, '2025-08-28', '09:00:00', '18:00:00', 8.00, 1.00),
(660, 4, '2025-08-29', '09:00:00', '18:15:00', 8.00, 1.00),
(661, 4, '2025-09-01', '09:00:00', '18:00:00', 8.00, 1.00),
(662, 4, '2025-09-02', '09:00:00', '18:00:00', 8.00, 1.00),
(663, 4, '2025-09-03', '09:00:00', '18:30:00', 8.00, 1.50),
(664, 4, '2025-09-04', '09:00:00', '18:00:00', 8.00, 1.00),
(665, 4, '2025-09-05', '09:00:00', '18:00:00', 8.00, 1.00),
(666, 4, '2025-09-08', '09:00:00', '18:30:00', 8.00, 1.50),
(667, 4, '2025-09-09', '09:00:00', '18:00:00', 8.00, 1.00),
(668, 4, '2025-09-10', '09:00:00', '18:15:00', 8.00, 1.00),
(669, 4, '2025-09-11', '09:00:00', '18:00:00', 8.00, 1.00),
(670, 4, '2025-09-12', '09:00:00', '18:00:00', 8.00, 1.00),
(671, 4, '2025-09-15', '09:00:00', '18:30:00', 8.00, 1.50),
(672, 4, '2025-09-16', '09:00:00', '18:00:00', 8.00, 1.00),
(673, 4, '2025-09-17', '09:00:00', '18:00:00', 8.00, 1.00),
(674, 4, '2025-09-18', '09:00:00', '18:30:00', 8.00, 1.50),
(675, 4, '2025-09-19', '09:00:00', '18:00:00', 8.00, 1.00),
(676, 4, '2025-09-22', '09:00:00', '18:15:00', 8.00, 1.00),
(677, 4, '2025-09-23', '09:00:00', '18:00:00', 8.00, 1.00),
(678, 4, '2025-09-24', '09:00:00', '18:00:00', 8.00, 1.00),
(679, 4, '2025-09-25', '09:00:00', '18:30:00', 8.00, 1.50),
(680, 4, '2025-09-26', '09:00:00', '18:00:00', 8.00, 1.00),
(681, 4, '2025-09-29', '09:00:00', '18:00:00', 8.00, 1.00),
(682, 4, '2025-09-30', '09:00:00', '18:30:00', 8.00, 1.50),
(683, 4, '2025-10-01', '09:00:00', '18:00:00', 8.00, 1.00),
(684, 4, '2025-10-02', '09:00:00', '18:15:00', 8.00, 1.00),
(685, 4, '2025-10-03', '09:00:00', '18:00:00', 8.00, 1.00),
(686, 4, '2025-10-06', '09:00:00', '18:00:00', 8.00, 1.00),
(687, 4, '2025-10-07', '09:00:00', '18:30:00', 8.00, 1.50),
(688, 4, '2025-10-08', '09:00:00', '18:00:00', 8.00, 1.00),
(689, 4, '2025-10-09', '09:00:00', '18:00:00', 8.00, 1.00),
(690, 4, '2025-10-10', '09:00:00', '18:30:00', 8.00, 1.50),
(691, 4, '2025-10-13', '09:00:00', '18:00:00', 8.00, 1.00),
(692, 4, '2025-10-14', '09:00:00', '18:15:00', 8.00, 1.00),
(693, 4, '2025-10-15', '09:00:00', '18:00:00', 8.00, 1.00),
(694, 4, '2025-10-16', '09:00:00', '18:00:00', 8.00, 1.00),
(695, 4, '2025-10-17', '09:00:00', '18:30:00', 8.00, 1.50),
(696, 4, '2025-10-20', '09:00:00', '18:00:00', 8.00, 1.00),
(697, 4, '2025-10-21', '09:00:00', '18:00:00', 8.00, 1.00),
(698, 4, '2025-10-22', '09:00:00', '18:30:00', 8.00, 1.50),
(699, 4, '2025-10-23', '09:00:00', '18:00:00', 8.00, 1.00),
(700, 4, '2025-10-24', '09:00:00', '18:15:00', 8.00, 1.00),
(701, 4, '2025-10-27', '09:00:00', '18:00:00', 8.00, 1.00),
(702, 4, '2025-10-28', '09:00:00', '18:00:00', 8.00, 1.00),
(703, 4, '2025-10-29', '09:00:00', '18:30:00', 8.00, 1.50),
(704, 4, '2025-10-30', '09:00:00', '18:00:00', 8.00, 1.00),
(705, 4, '2025-10-31', '09:00:00', '18:00:00', 8.00, 1.00),
(706, 2, '2025-01-01', '08:30:00', '18:10:00', 8.45, 1.22),
(707, 2, '2025-01-02', '09:45:00', '18:48:00', 8.40, 0.66),
(708, 2, '2025-01-03', '09:45:00', '18:24:00', 8.35, 0.30),
(709, 2, '2025-01-06', '08:45:00', '17:49:00', 8.32, 0.76),
(710, 2, '2025-01-07', '08:30:00', '17:43:00', 7.98, 1.24),
(711, 2, '2025-01-08', '08:15:00', '16:31:00', 7.90, 0.38),
(712, 2, '2025-01-09', '09:00:00', '17:22:00', 8.33, 0.04),
(713, 2, '2025-01-10', '09:30:00', '18:34:00', 8.19, 0.88),
(714, 2, '2025-01-13', '09:45:00', '19:03:00', 7.99, 1.32),
(715, 2, '2025-01-14', '08:15:00', '16:16:00', 7.62, 0.41),
(716, 2, '2025-01-15', '08:30:00', '17:35:00', 7.71, 1.38),
(717, 2, '2025-01-16', '08:15:00', '17:38:00', 8.15, 1.24),
(718, 2, '2025-01-17', '09:15:00', '17:54:00', 8.21, 0.45),
(719, 2, '2025-01-20', '08:30:00', '16:22:00', 7.81, 0.07),
(720, 2, '2025-01-21', '09:30:00', '18:02:00', 7.66, 0.88),
(721, 2, '2025-01-22', '08:00:00', '16:19:00', 7.67, 0.65),
(722, 2, '2025-01-23', '08:15:00', '17:26:00', 7.82, 1.38),
(723, 2, '2025-01-24', '08:45:00', '17:39:00', 8.22, 0.69),
(724, 2, '2025-01-27', '08:45:00', '17:55:00', 8.11, 1.07),
(725, 2, '2025-01-28', '08:15:00', '16:33:00', 7.80, 0.51),
(726, 2, '2025-01-29', '08:30:00', '17:13:00', 7.97, 0.76),
(727, 2, '2025-01-30', '09:45:00', '18:21:00', 7.76, 0.85),
(728, 2, '2025-01-31', '08:00:00', '17:15:00', 8.42, 0.84),
(729, 2, '2025-02-03', '09:45:00', '19:32:00', 8.44, 1.35),
(730, 2, '2025-02-04', '09:30:00', '17:31:00', 7.59, 0.44),
(731, 2, '2025-02-05', '09:00:00', '17:50:00', 8.33, 0.51),
(732, 2, '2025-02-06', '08:30:00', '17:43:00', 8.16, 1.07),
(733, 2, '2025-02-07', '08:30:00', '16:54:00', 7.98, 0.43),
(734, 2, '2025-02-10', '09:45:00', '18:38:00', 7.83, 1.06),
(735, 2, '2025-02-11', '08:15:00', '17:33:00', 8.20, 1.11),
(736, 2, '2025-02-12', '08:30:00', '16:48:00', 8.30, 0.01),
(737, 2, '2025-02-13', '08:45:00', '17:38:00', 8.31, 0.58),
(738, 2, '2025-02-14', '08:30:00', '17:21:00', 8.25, 0.61),
(739, 2, '2025-02-17', '09:15:00', '18:22:00', 8.48, 0.64),
(740, 2, '2025-02-18', '08:15:00', '16:32:00', 7.93, 0.36),
(741, 2, '2025-02-19', '08:45:00', '16:23:00', 7.55, 0.09),
(742, 2, '2025-02-20', '09:00:00', '17:35:00', 8.32, 0.27),
(743, 2, '2025-02-21', '09:00:00', '17:27:00', 8.15, 0.31),
(744, 2, '2025-02-24', '09:00:00', '18:46:00', 8.37, 1.40),
(745, 2, '2025-02-25', '08:30:00', '17:43:00', 8.49, 0.74),
(746, 2, '2025-02-26', '09:30:00', '17:50:00', 7.68, 0.67),
(747, 2, '2025-02-27', '09:30:00', '17:47:00', 7.85, 0.44),
(748, 2, '2025-02-28', '09:00:00', '17:29:00', 8.23, 0.26),
(749, 2, '2025-03-03', '09:45:00', '19:08:00', 8.26, 1.13),
(750, 2, '2025-03-04', '09:15:00', '17:01:00', 7.63, 0.14),
(751, 2, '2025-03-05', '08:30:00', '16:52:00', 7.73, 0.64),
(752, 2, '2025-03-06', '08:30:00', '17:59:00', 8.23, 1.26),
(753, 2, '2025-03-07', '09:00:00', '18:19:00', 8.30, 1.03),
(754, 2, '2025-03-10', '08:00:00', '16:58:00', 7.93, 1.05),
(755, 2, '2025-03-11', '09:45:00', '18:42:00', 7.52, 1.44),
(756, 2, '2025-03-12', '09:45:00', '18:46:00', 7.91, 1.11),
(757, 2, '2025-03-13', '08:15:00', '17:15:00', 8.34, 0.67),
(758, 2, '2025-03-14', '09:15:00', '18:49:00', 8.37, 1.20),
(759, 2, '2025-03-17', '08:45:00', '16:58:00', 7.65, 0.58),
(760, 2, '2025-03-18', '09:30:00', '18:33:00', 8.29, 0.77),
(761, 2, '2025-03-19', '08:15:00', '17:27:00', 8.13, 1.08),
(762, 2, '2025-03-20', '09:00:00', '17:48:00', 7.68, 1.13),
(763, 2, '2025-03-21', '08:30:00', '17:25:00', 7.83, 1.10),
(764, 2, '2025-03-24', '09:00:00', '18:13:00', 7.80, 1.42),
(765, 2, '2025-03-25', '08:45:00', '17:32:00', 8.24, 0.55),
(766, 2, '2025-03-26', '09:45:00', '19:12:00', 8.23, 1.22),
(767, 2, '2025-03-27', '08:15:00', '17:55:00', 8.31, 1.36),
(768, 2, '2025-03-28', '09:00:00', '18:18:00', 8.22, 1.09),
(769, 2, '2025-03-31', '09:30:00', '17:51:00', 8.06, 0.30),
(770, 2, '2025-04-01', '09:30:00', '18:12:00', 7.79, 0.92),
(771, 2, '2025-04-02', '09:45:00', '17:53:00', 7.68, 0.46),
(772, 2, '2025-04-03', '08:30:00', '17:25:00', 7.69, 1.24),
(773, 2, '2025-04-04', '08:15:00', '16:45:00', 8.44, 0.07),
(774, 2, '2025-04-07', '08:30:00', '17:09:00', 8.39, 0.27),
(775, 2, '2025-04-08', '09:15:00', '17:53:00', 8.36, 0.28),
(776, 2, '2025-04-09', '09:00:00', '17:55:00', 7.55, 1.37),
(777, 2, '2025-04-10', '09:15:00', '17:41:00', 7.95, 0.49),
(778, 2, '2025-04-11', '08:45:00', '17:31:00', 8.45, 0.33),
(779, 2, '2025-04-14', '08:15:00', '16:12:00', 7.67, 0.28),
(780, 2, '2025-04-15', '09:00:00', '18:05:00', 8.44, 0.66),
(781, 2, '2025-04-16', '08:15:00', '17:18:00', 8.03, 1.03),
(782, 2, '2025-04-17', '09:45:00', '18:34:00', 8.10, 0.73),
(783, 2, '2025-04-18', '08:15:00', '18:00:00', 8.48, 1.27),
(784, 2, '2025-04-21', '09:00:00', '17:46:00', 7.58, 1.19),
(785, 2, '2025-04-22', '09:45:00', '19:25:00', 8.47, 1.21),
(786, 2, '2025-04-23', '09:00:00', '17:51:00', 7.63, 1.23),
(787, 2, '2025-04-24', '09:30:00', '18:16:00', 8.22, 0.55),
(788, 2, '2025-04-25', '08:00:00', '16:51:00', 8.49, 0.37),
(789, 2, '2025-04-28', '08:00:00', '17:00:00', 7.61, 1.39),
(790, 2, '2025-04-29', '09:15:00', '17:01:00', 7.60, 0.18),
(791, 2, '2025-04-30', '09:45:00', '19:09:00', 8.31, 1.10),
(792, 2, '2025-05-01', '08:15:00', '16:12:00', 7.85, 0.11),
(793, 2, '2025-05-02', '09:45:00', '18:58:00', 8.05, 1.18),
(794, 2, '2025-05-05', '09:15:00', '18:25:00', 7.76, 1.42),
(795, 2, '2025-05-06', '09:45:00', '18:20:00', 7.78, 0.82),
(796, 2, '2025-05-07', '09:45:00', '18:10:00', 8.13, 0.30),
(797, 2, '2025-05-08', '08:15:00', '16:16:00', 7.88, 0.15),
(798, 2, '2025-05-09', '09:15:00', '18:37:00', 8.39, 0.99),
(799, 2, '2025-05-12', '09:15:00', '16:57:00', 7.66, 0.05),
(800, 2, '2025-05-13', '08:30:00', '17:12:00', 7.92, 0.79),
(801, 2, '2025-05-14', '09:00:00', '17:23:00', 8.15, 0.24),
(802, 2, '2025-05-15', '09:15:00', '17:37:00', 8.30, 0.07),
(803, 2, '2025-05-16', '09:00:00', '17:48:00', 8.49, 0.31),
(804, 2, '2025-05-19', '08:30:00', '17:05:00', 7.96, 0.64),
(805, 2, '2025-05-20', '08:15:00', '16:44:00', 7.55, 0.94),
(806, 2, '2025-05-21', '09:00:00', '17:22:00', 8.26, 0.11),
(807, 2, '2025-05-22', '08:00:00', '17:28:00', 8.05, 1.42),
(808, 2, '2025-05-23', '08:15:00', '16:16:00', 7.83, 0.20),
(809, 2, '2025-05-26', '09:30:00', '17:54:00', 8.06, 0.35),
(810, 2, '2025-05-27', '08:15:00', '16:21:00', 7.78, 0.33),
(811, 2, '2025-05-28', '09:00:00', '18:09:00', 8.16, 0.99),
(812, 2, '2025-05-29', '08:45:00', '17:57:00', 7.98, 1.22),
(813, 2, '2025-05-30', '09:30:00', '18:46:00', 8.28, 0.99),
(814, 2, '2025-06-02', '08:45:00', '17:24:00', 7.69, 0.96),
(815, 2, '2025-06-03', '08:00:00', '16:15:00', 7.76, 0.49),
(816, 2, '2025-06-04', '09:30:00', '18:38:00', 8.28, 0.86),
(817, 2, '2025-06-05', '09:45:00', '18:17:00', 7.79, 0.75),
(818, 2, '2025-06-06', '08:15:00', '17:10:00', 8.39, 0.54),
(819, 2, '2025-06-09', '08:15:00', '17:23:00', 8.38, 0.76),
(820, 2, '2025-06-10', '08:00:00', '16:58:00', 7.68, 1.30),
(821, 2, '2025-06-11', '09:00:00', '17:18:00', 8.25, 0.06),
(822, 2, '2025-06-12', '08:00:00', '17:14:00', 7.91, 1.33),
(823, 2, '2025-06-13', '09:45:00', '17:47:00', 7.98, 0.06),
(824, 2, '2025-06-16', '08:00:00', '16:25:00', 7.54, 0.89),
(825, 2, '2025-06-17', '08:30:00', '17:39:00', 8.16, 0.99),
(826, 2, '2025-06-18', '09:00:00', '16:35:00', 7.59, 0.00),
(827, 2, '2025-06-19', '08:30:00', '17:12:00', 8.02, 0.69),
(828, 2, '2025-06-20', '08:30:00', '17:19:00', 7.51, 1.31),
(829, 2, '2025-06-23', '09:00:00', '18:03:00', 7.60, 1.46),
(830, 2, '2025-06-24', '08:00:00', '16:58:00', 8.05, 0.93),
(831, 2, '2025-06-25', '09:15:00', '17:52:00', 7.76, 0.86),
(832, 2, '2025-06-26', '09:30:00', '18:19:00', 7.60, 1.23),
(833, 2, '2025-06-27', '09:30:00', '18:56:00', 8.47, 0.97),
(834, 2, '2025-06-30', '08:00:00', '16:32:00', 7.67, 0.87),
(835, 2, '2025-07-01', '09:15:00', '18:41:00', 8.05, 1.39),
(836, 2, '2025-07-02', '08:30:00', '17:05:00', 8.08, 0.51),
(837, 2, '2025-07-03', '09:45:00', '19:07:00', 8.27, 1.11),
(838, 2, '2025-07-04', '09:30:00', '18:27:00', 7.96, 1.00),
(839, 2, '2025-07-07', '08:45:00', '16:52:00', 7.58, 0.54),
(840, 2, '2025-07-08', '09:15:00', '18:24:00', 7.87, 1.28),
(841, 2, '2025-07-09', '08:15:00', '16:58:00', 7.77, 0.96),
(842, 2, '2025-07-10', '09:30:00', '18:45:00', 8.34, 0.92),
(843, 2, '2025-07-11', '09:45:00', '18:31:00', 8.27, 0.50),
(844, 2, '2025-07-14', '09:15:00', '17:34:00', 7.79, 0.53),
(845, 2, '2025-07-15', '09:45:00', '18:41:00', 7.92, 1.02),
(846, 2, '2025-07-16', '08:30:00', '16:37:00', 7.80, 0.32),
(847, 2, '2025-07-17', '09:45:00', '17:59:00', 7.83, 0.41),
(848, 2, '2025-07-18', '08:00:00', '16:26:00', 7.57, 0.87),
(849, 2, '2025-07-21', '08:00:00', '16:05:00', 7.56, 0.54),
(850, 2, '2025-07-22', '09:30:00', '18:58:00', 7.99, 1.48),
(851, 2, '2025-07-23', '09:00:00', '18:30:00', 8.31, 1.20),
(852, 2, '2025-07-24', '08:30:00', '17:33:00', 8.22, 0.84),
(853, 2, '2025-07-25', '09:30:00', '18:07:00', 7.57, 1.06),
(854, 2, '2025-07-28', '09:00:00', '18:03:00', 7.63, 1.42),
(855, 2, '2025-07-29', '08:15:00', '16:58:00', 8.16, 0.57),
(856, 2, '2025-07-30', '08:30:00', '17:45:00', 8.39, 0.86),
(857, 2, '2025-07-31', '09:30:00', '17:41:00', 7.56, 0.64),
(858, 2, '2025-08-01', '08:00:00', '16:35:00', 8.10, 0.49),
(859, 2, '2025-08-04', '09:45:00', '18:58:00', 7.87, 1.36),
(860, 2, '2025-08-05', '09:00:00', '16:37:00', 7.51, 0.12),
(861, 2, '2025-08-06', '08:00:00', '16:21:00', 7.63, 0.73);
INSERT INTO `attendance` (`id`, `employee_id`, `date`, `time_in`, `time_out`, `regular_hours`, `overtime_hours`) VALUES
(862, 2, '2025-08-07', '08:15:00', '17:31:00', 7.90, 1.38),
(863, 2, '2025-08-08', '08:00:00', '16:30:00', 7.71, 0.79),
(864, 2, '2025-08-11', '08:15:00', '17:43:00', 8.34, 1.13),
(865, 2, '2025-08-12', '08:15:00', '16:49:00', 8.16, 0.41),
(866, 2, '2025-08-13', '09:45:00', '18:07:00', 8.29, 0.08),
(867, 2, '2025-08-14', '08:00:00', '17:26:00', 8.20, 1.25),
(868, 2, '2025-08-15', '08:30:00', '16:34:00', 7.69, 0.38),
(869, 2, '2025-08-18', '09:15:00', '17:25:00', 8.05, 0.13),
(870, 2, '2025-08-19', '09:00:00', '17:31:00', 7.57, 0.96),
(871, 2, '2025-08-20', '09:45:00', '17:35:00', 7.58, 0.26),
(872, 2, '2025-08-21', '08:00:00', '17:15:00', 8.42, 0.83),
(873, 2, '2025-08-22', '08:15:00', '16:18:00', 7.65, 0.41),
(874, 2, '2025-08-25', '09:30:00', '18:40:00', 7.90, 1.28),
(875, 2, '2025-08-26', '08:45:00', '17:40:00', 7.73, 1.19),
(876, 2, '2025-08-27', '09:45:00', '18:42:00', 8.31, 0.64),
(877, 2, '2025-08-28', '09:00:00', '17:35:00', 7.68, 0.92),
(878, 2, '2025-08-29', '08:45:00', '16:55:00', 7.88, 0.30),
(879, 2, '2025-09-01', '09:15:00', '18:29:00', 8.43, 0.81),
(880, 2, '2025-09-02', '08:15:00', '17:07:00', 7.73, 1.15),
(881, 2, '2025-09-03', '09:45:00', '18:42:00', 7.66, 1.30),
(882, 2, '2025-09-04', '09:00:00', '18:08:00', 7.67, 1.47),
(883, 2, '2025-09-05', '09:00:00', '18:26:00', 8.50, 0.95),
(884, 2, '2025-09-08', '08:15:00', '17:28:00', 8.11, 1.11),
(885, 2, '2025-09-09', '08:30:00', '17:53:00', 8.44, 0.95),
(886, 2, '2025-09-10', '08:15:00', '16:20:00', 8.04, 0.05),
(887, 2, '2025-09-11', '08:15:00', '16:46:00', 8.05, 0.47),
(888, 2, '2025-09-12', '09:15:00', '18:57:00', 8.48, 1.22),
(889, 2, '2025-09-15', '09:00:00', '17:41:00', 8.42, 0.28),
(890, 2, '2025-09-16', '09:30:00', '17:50:00', 8.28, 0.07),
(891, 2, '2025-09-17', '08:15:00', '15:58:00', 7.73, 0.00),
(892, 2, '2025-09-18', '08:15:00', '17:12:00', 7.77, 1.19),
(893, 2, '2025-09-19', '08:45:00', '18:35:00', 8.38, 1.46),
(894, 2, '2025-09-22', '08:15:00', '17:47:00', 8.16, 1.38),
(895, 2, '2025-09-23', '08:45:00', '17:10:00', 7.71, 0.71),
(896, 2, '2025-09-24', '08:45:00', '17:30:00', 8.19, 0.57),
(897, 2, '2025-09-25', '08:30:00', '17:07:00', 8.49, 0.14),
(898, 2, '2025-09-26', '08:00:00', '17:14:00', 8.49, 0.75),
(899, 2, '2025-09-29', '09:15:00', '18:31:00', 8.31, 0.97),
(900, 2, '2025-09-30', '09:15:00', '18:00:00', 8.13, 0.63),
(901, 2, '2025-10-01', '09:15:00', '18:27:00', 8.31, 0.90),
(902, 2, '2025-10-02', '09:30:00', '18:56:00', 8.28, 1.17),
(903, 2, '2025-10-03', '08:00:00', '16:35:00', 8.11, 0.48),
(904, 2, '2025-10-06', '09:15:00', '17:44:00', 8.46, 0.03),
(905, 2, '2025-10-07', '09:00:00', '17:25:00', 7.94, 0.49),
(906, 2, '2025-10-08', '09:30:00', '18:34:00', 7.79, 1.29),
(907, 2, '2025-10-09', '08:15:00', '17:52:00', 8.49, 1.14),
(908, 2, '2025-10-10', '09:15:00', '18:05:00', 8.49, 0.36),
(909, 2, '2025-10-13', '08:15:00', '17:04:00', 7.99, 0.83),
(910, 2, '2025-10-14', '08:15:00', '16:49:00', 7.75, 0.83),
(911, 2, '2025-10-15', '08:45:00', '18:16:00', 8.04, 1.49),
(912, 2, '2025-10-16', '08:00:00', '17:19:00', 8.05, 1.28),
(913, 2, '2025-10-17', '09:30:00', '18:03:00', 7.70, 0.85),
(914, 2, '2025-10-20', '09:00:00', '18:33:00', 8.17, 1.39),
(915, 2, '2025-10-21', '09:30:00', '17:44:00', 8.07, 0.17),
(916, 2, '2025-10-22', '09:15:00', '17:00:00', 7.67, 0.09),
(917, 2, '2025-10-23', '08:30:00', '17:25:00', 7.84, 1.09),
(918, 2, '2025-10-24', '08:45:00', '17:52:00', 7.69, 1.43),
(919, 2, '2025-10-27', '09:00:00', '17:24:00', 7.55, 0.86),
(920, 2, '2025-10-28', '09:00:00', '18:30:00', 8.18, 1.33),
(921, 2, '2025-10-29', '09:00:00', '17:53:00', 7.99, 0.90),
(922, 2, '2025-10-30', '09:45:00', '18:23:00', 7.50, 1.14),
(923, 2, '2025-10-31', '08:30:00', '17:28:00', 7.85, 1.12),
(924, 3, '2025-01-01', '09:15:00', '18:46:00', 8.28, 1.25),
(925, 3, '2025-01-02', '09:45:00', '19:35:00', 8.48, 1.36),
(926, 3, '2025-01-03', '08:45:00', '17:27:00', 7.79, 0.92),
(927, 3, '2025-01-06', '08:45:00', '18:16:00', 8.45, 1.07),
(928, 3, '2025-01-07', '08:15:00', '16:57:00', 8.32, 0.39),
(929, 3, '2025-01-08', '08:45:00', '17:22:00', 8.27, 0.35),
(930, 3, '2025-01-09', '09:45:00', '17:32:00', 7.53, 0.26),
(931, 3, '2025-01-10', '08:15:00', '17:20:00', 7.66, 1.44),
(932, 3, '2025-01-13', '08:45:00', '17:22:00', 7.57, 1.05),
(933, 3, '2025-01-14', '09:15:00', '17:14:00', 7.57, 0.42),
(934, 3, '2025-01-15', '08:30:00', '16:11:00', 7.52, 0.18),
(935, 3, '2025-01-16', '08:15:00', '17:11:00', 8.26, 0.68),
(936, 3, '2025-01-17', '09:30:00', '18:22:00', 7.57, 1.30),
(937, 3, '2025-01-20', '09:45:00', '18:49:00', 7.75, 1.32),
(938, 3, '2025-01-21', '08:30:00', '17:10:00', 7.92, 0.75),
(939, 3, '2025-01-22', '08:45:00', '17:25:00', 7.66, 1.02),
(940, 3, '2025-01-23', '09:15:00', '17:59:00', 8.40, 0.34),
(941, 3, '2025-01-24', '08:15:00', '17:15:00', 7.67, 1.34),
(942, 3, '2025-01-27', '09:15:00', '18:03:00', 7.93, 0.88),
(943, 3, '2025-01-28', '09:15:00', '17:38:00', 8.11, 0.28),
(944, 3, '2025-01-29', '08:45:00', '17:19:00', 8.37, 0.21),
(945, 3, '2025-01-30', '09:30:00', '17:31:00', 7.64, 0.39),
(946, 3, '2025-01-31', '09:15:00', '17:41:00', 7.88, 0.57),
(947, 3, '2025-02-03', '08:45:00', '17:38:00', 8.29, 0.60),
(948, 3, '2025-02-04', '08:45:00', '18:27:00', 8.30, 1.40),
(949, 3, '2025-02-05', '08:45:00', '17:34:00', 8.16, 0.67),
(950, 3, '2025-02-06', '08:45:00', '17:49:00', 8.47, 0.61),
(951, 3, '2025-02-07', '08:15:00', '16:44:00', 7.87, 0.62),
(952, 3, '2025-02-10', '08:15:00', '16:31:00', 8.01, 0.27),
(953, 3, '2025-02-11', '09:15:00', '18:15:00', 8.47, 0.53),
(954, 3, '2025-02-12', '09:15:00', '18:00:00', 7.90, 0.85),
(955, 3, '2025-02-13', '08:15:00', '17:42:00', 8.06, 1.40),
(956, 3, '2025-02-14', '09:30:00', '18:50:00', 8.37, 0.98),
(957, 3, '2025-02-17', '08:30:00', '16:40:00', 7.60, 0.57),
(958, 3, '2025-02-18', '08:45:00', '17:16:00', 7.62, 0.91),
(959, 3, '2025-02-19', '08:30:00', '17:34:00', 8.33, 0.74),
(960, 3, '2025-02-20', '08:30:00', '17:20:00', 7.98, 0.86),
(961, 3, '2025-02-21', '08:30:00', '17:22:00', 8.09, 0.79),
(962, 3, '2025-02-24', '09:45:00', '18:05:00', 8.11, 0.23),
(963, 3, '2025-02-25', '08:15:00', '16:09:00', 7.57, 0.33),
(964, 3, '2025-02-26', '08:45:00', '17:16:00', 8.03, 0.49),
(965, 3, '2025-02-27', '09:45:00', '17:56:00', 7.76, 0.43),
(966, 3, '2025-02-28', '08:15:00', '17:32:00', 8.10, 1.19),
(967, 3, '2025-03-03', '09:45:00', '17:54:00', 8.04, 0.12),
(968, 3, '2025-03-04', '09:15:00', '18:10:00', 8.18, 0.74),
(969, 3, '2025-03-05', '08:15:00', '17:07:00', 7.73, 1.15),
(970, 3, '2025-03-06', '09:15:00', '17:25:00', 8.17, 0.01),
(971, 3, '2025-03-07', '08:30:00', '17:18:00', 7.92, 0.88),
(972, 3, '2025-03-10', '09:30:00', '18:14:00', 7.85, 0.89),
(973, 3, '2025-03-11', '09:30:00', '18:07:00', 7.89, 0.74),
(974, 3, '2025-03-12', '08:30:00', '17:32:00', 8.14, 0.90),
(975, 3, '2025-03-13', '08:45:00', '17:17:00', 7.81, 0.74),
(976, 3, '2025-03-14', '08:45:00', '18:05:00', 7.97, 1.37),
(977, 3, '2025-03-17', '08:45:00', '17:41:00', 8.45, 0.50),
(978, 3, '2025-03-18', '09:30:00', '17:47:00', 7.67, 0.62),
(979, 3, '2025-03-19', '08:15:00', '17:52:00', 8.48, 1.15),
(980, 3, '2025-03-20', '09:30:00', '18:24:00', 7.58, 1.33),
(981, 3, '2025-03-21', '09:45:00', '18:07:00', 8.29, 0.09),
(982, 3, '2025-03-24', '08:15:00', '17:07:00', 7.82, 1.05),
(983, 3, '2025-03-25', '09:30:00', '18:55:00', 8.38, 1.04),
(984, 3, '2025-03-26', '08:45:00', '17:15:00', 7.76, 0.75),
(985, 3, '2025-03-27', '08:45:00', '18:18:00', 8.24, 1.31),
(986, 3, '2025-03-28', '09:45:00', '19:05:00', 8.41, 0.93),
(987, 3, '2025-03-31', '08:45:00', '17:06:00', 8.05, 0.31),
(988, 3, '2025-04-01', '09:30:00', '18:07:00', 8.35, 0.27),
(989, 3, '2025-04-02', '08:15:00', '16:56:00', 8.04, 0.65),
(990, 3, '2025-04-03', '08:45:00', '17:58:00', 8.26, 0.96),
(991, 3, '2025-04-04', '08:45:00', '17:05:00', 8.31, 0.03),
(992, 3, '2025-04-07', '08:15:00', '16:04:00', 7.68, 0.15),
(993, 3, '2025-04-08', '08:15:00', '15:51:00', 7.50, 0.11),
(994, 3, '2025-04-09', '08:15:00', '17:43:00', 7.99, 1.48),
(995, 3, '2025-04-10', '08:45:00', '17:12:00', 7.76, 0.70),
(996, 3, '2025-04-11', '08:30:00', '18:05:00', 8.14, 1.45),
(997, 3, '2025-04-14', '08:30:00', '17:31:00', 8.17, 0.86),
(998, 3, '2025-04-15', '08:45:00', '16:54:00', 8.13, 0.02),
(999, 3, '2025-04-16', '09:45:00', '17:48:00', 7.83, 0.22),
(1000, 3, '2025-04-17', '09:15:00', '18:25:00', 7.76, 1.42),
(1001, 3, '2025-04-18', '09:30:00', '18:29:00', 7.87, 1.12),
(1002, 3, '2025-04-21', '08:45:00', '16:58:00', 7.99, 0.24),
(1003, 3, '2025-04-22', '09:45:00', '18:31:00', 8.38, 0.39),
(1004, 3, '2025-04-23', '08:45:00', '17:31:00', 7.71, 1.06),
(1005, 3, '2025-04-24', '09:45:00', '18:43:00', 7.76, 1.21),
(1006, 3, '2025-04-25', '09:30:00', '17:24:00', 7.81, 0.10),
(1007, 3, '2025-04-28', '09:30:00', '18:24:00', 7.96, 0.94),
(1008, 3, '2025-04-29', '08:15:00', '16:14:00', 7.62, 0.37),
(1009, 3, '2025-04-30', '08:45:00', '18:14:00', 8.42, 1.07),
(1010, 3, '2025-05-01', '09:15:00', '17:30:00', 8.07, 0.18),
(1011, 3, '2025-05-02', '08:30:00', '17:57:00', 8.41, 1.05),
(1012, 3, '2025-05-05', '08:45:00', '18:05:00', 8.15, 1.19),
(1013, 3, '2025-05-06', '09:15:00', '18:36:00', 8.22, 1.13),
(1014, 3, '2025-05-07', '08:30:00', '17:34:00', 8.27, 0.80),
(1015, 3, '2025-05-08', '09:45:00', '18:16:00', 8.01, 0.51),
(1016, 3, '2025-05-09', '09:15:00', '17:40:00', 7.82, 0.60),
(1017, 3, '2025-05-12', '09:15:00', '17:36:00', 7.72, 0.64),
(1018, 3, '2025-05-13', '09:45:00', '17:50:00', 7.96, 0.14),
(1019, 3, '2025-05-14', '09:30:00', '17:58:00', 8.20, 0.28),
(1020, 3, '2025-05-15', '09:45:00', '17:24:00', 7.65, 0.01),
(1021, 3, '2025-05-16', '09:30:00', '18:04:00', 8.20, 0.38),
(1022, 3, '2025-05-19', '08:15:00', '17:02:00', 7.61, 1.18),
(1023, 3, '2025-05-20', '08:15:00', '16:31:00', 8.23, 0.04),
(1024, 3, '2025-05-21', '09:15:00', '17:45:00', 7.94, 0.57),
(1025, 3, '2025-05-22', '08:15:00', '17:22:00', 8.23, 0.89),
(1026, 3, '2025-05-23', '09:45:00', '18:37:00', 7.67, 1.21),
(1027, 3, '2025-05-26', '09:45:00', '18:26:00', 7.59, 1.10),
(1028, 3, '2025-05-27', '09:45:00', '17:32:00', 7.77, 0.03),
(1029, 3, '2025-05-28', '09:45:00', '18:28:00', 7.65, 1.08),
(1030, 3, '2025-05-29', '08:30:00', '18:09:00', 8.46, 1.20),
(1031, 3, '2025-05-30', '09:45:00', '18:31:00', 7.74, 1.04),
(1032, 3, '2025-06-02', '09:30:00', '18:26:00', 7.81, 1.14),
(1033, 3, '2025-06-03', '08:45:00', '17:46:00', 8.01, 1.02),
(1034, 3, '2025-06-04', '08:30:00', '16:33:00', 7.95, 0.10),
(1035, 3, '2025-06-05', '08:15:00', '17:12:00', 8.29, 0.67),
(1036, 3, '2025-06-06', '08:30:00', '17:19:00', 7.67, 1.16),
(1037, 3, '2025-06-09', '09:30:00', '19:06:00', 8.23, 1.38),
(1038, 3, '2025-06-10', '09:45:00', '17:53:00', 7.68, 0.46),
(1039, 3, '2025-06-11', '09:15:00', '17:18:00', 7.59, 0.46),
(1040, 3, '2025-06-12', '09:45:00', '17:47:00', 7.52, 0.53),
(1041, 3, '2025-06-13', '09:30:00', '17:32:00', 8.03, 0.02),
(1042, 3, '2025-06-16', '09:30:00', '19:05:00', 8.22, 1.37),
(1043, 3, '2025-06-17', '09:30:00', '19:09:00', 8.23, 1.43),
(1044, 3, '2025-06-18', '08:45:00', '16:28:00', 7.64, 0.08),
(1045, 3, '2025-06-19', '08:15:00', '17:47:00', 8.44, 1.11),
(1046, 3, '2025-06-20', '08:15:00', '17:06:00', 8.37, 0.49),
(1047, 3, '2025-06-23', '09:30:00', '17:29:00', 7.77, 0.22),
(1048, 3, '2025-06-24', '08:45:00', '17:57:00', 8.36, 0.85),
(1049, 3, '2025-06-25', '08:30:00', '17:39:00', 8.24, 0.92),
(1050, 3, '2025-06-26', '09:15:00', '17:55:00', 8.39, 0.28),
(1051, 3, '2025-06-27', '08:15:00', '17:09:00', 8.47, 0.43),
(1052, 3, '2025-06-30', '09:45:00', '19:22:00', 8.27, 1.36),
(1053, 3, '2025-07-01', '08:15:00', '17:35:00', 7.97, 1.38),
(1054, 3, '2025-07-02', '09:15:00', '17:45:00', 7.73, 0.77),
(1055, 3, '2025-07-03', '09:30:00', '18:31:00', 8.03, 1.00),
(1056, 3, '2025-07-04', '09:30:00', '17:30:00', 7.75, 0.25),
(1057, 3, '2025-07-07', '09:45:00', '18:43:00', 8.03, 0.94),
(1058, 3, '2025-07-08', '08:30:00', '16:39:00', 8.09, 0.06),
(1059, 3, '2025-07-09', '09:30:00', '18:47:00', 8.10, 1.19),
(1060, 3, '2025-07-10', '09:15:00', '18:12:00', 7.94, 1.01),
(1061, 3, '2025-07-11', '08:45:00', '18:24:00', 8.42, 1.24),
(1062, 3, '2025-07-14', '08:15:00', '16:54:00', 8.46, 0.20),
(1063, 3, '2025-07-15', '09:30:00', '17:47:00', 8.20, 0.09),
(1064, 3, '2025-07-16', '09:15:00', '17:39:00', 7.74, 0.67),
(1065, 3, '2025-07-17', '08:45:00', '17:31:00', 7.62, 1.16),
(1066, 3, '2025-07-18', '08:30:00', '17:07:00', 7.68, 0.95),
(1067, 3, '2025-07-21', '08:45:00', '16:34:00', 7.67, 0.16),
(1068, 3, '2025-07-22', '09:30:00', '18:26:00', 8.27, 0.68),
(1069, 3, '2025-07-23', '09:45:00', '19:18:00', 8.29, 1.27),
(1070, 3, '2025-07-24', '09:45:00', '18:23:00', 7.96, 0.68),
(1071, 3, '2025-07-25', '09:15:00', '18:52:00', 8.32, 1.31),
(1072, 3, '2025-07-28', '08:15:00', '17:33:00', 7.92, 1.38),
(1073, 3, '2025-07-29', '09:45:00', '17:33:00', 7.53, 0.28),
(1074, 3, '2025-07-30', '09:15:00', '18:43:00', 8.02, 1.45),
(1075, 3, '2025-07-31', '08:30:00', '17:29:00', 7.97, 1.02),
(1076, 3, '2025-08-01', '09:30:00', '18:18:00', 7.77, 1.04),
(1077, 3, '2025-08-04', '09:15:00', '17:20:00', 7.61, 0.49),
(1078, 3, '2025-08-05', '08:15:00', '17:25:00', 8.21, 0.97),
(1079, 3, '2025-08-06', '08:15:00', '17:28:00', 8.25, 0.98),
(1080, 3, '2025-08-07', '09:45:00', '18:29:00', 8.20, 0.54),
(1081, 3, '2025-08-08', '09:15:00', '17:19:00', 7.70, 0.37),
(1082, 3, '2025-08-11', '08:45:00', '18:01:00', 8.22, 1.05),
(1083, 3, '2025-08-12', '08:45:00', '17:37:00', 7.77, 1.11),
(1084, 3, '2025-08-13', '09:30:00', '17:46:00', 8.05, 0.23),
(1085, 3, '2025-08-14', '09:30:00', '17:46:00', 8.26, 0.02),
(1086, 3, '2025-08-15', '08:30:00', '16:53:00', 8.01, 0.38),
(1087, 3, '2025-08-18', '09:15:00', '17:35:00', 7.92, 0.43),
(1088, 3, '2025-08-19', '09:15:00', '16:50:00', 7.51, 0.09),
(1089, 3, '2025-08-20', '09:45:00', '17:32:00', 7.51, 0.29),
(1090, 3, '2025-08-21', '08:30:00', '18:04:00', 8.43, 1.14),
(1091, 3, '2025-08-22', '08:30:00', '17:57:00', 8.43, 1.03),
(1092, 3, '2025-08-25', '09:45:00', '17:43:00', 7.78, 0.19),
(1093, 3, '2025-08-26', '08:45:00', '17:52:00', 8.36, 0.77),
(1094, 3, '2025-08-27', '09:45:00', '18:18:00', 7.85, 0.71),
(1095, 3, '2025-08-28', '09:45:00', '17:42:00', 7.63, 0.33),
(1096, 3, '2025-08-29', '09:15:00', '18:01:00', 7.81, 0.97),
(1097, 3, '2025-09-01', '09:15:00', '18:05:00', 8.35, 0.49),
(1098, 3, '2025-09-02', '09:30:00', '18:44:00', 8.49, 0.75),
(1099, 3, '2025-09-03', '09:30:00', '18:20:00', 7.74, 1.11),
(1100, 3, '2025-09-04', '09:45:00', '18:28:00', 8.39, 0.34),
(1101, 3, '2025-09-05', '08:15:00', '16:02:00', 7.73, 0.06),
(1102, 3, '2025-09-08', '09:15:00', '18:05:00', 7.94, 0.91),
(1103, 3, '2025-09-09', '09:30:00', '19:15:00', 8.29, 1.47),
(1104, 3, '2025-09-10', '09:30:00', '17:37:00', 7.50, 0.63),
(1105, 3, '2025-09-11', '08:15:00', '17:30:00', 7.89, 1.37),
(1106, 3, '2025-09-12', '09:30:00', '18:04:00', 7.70, 0.88),
(1107, 3, '2025-09-15', '09:30:00', '18:54:00', 7.92, 1.49),
(1108, 3, '2025-09-16', '09:30:00', '18:27:00', 8.22, 0.74),
(1109, 3, '2025-09-17', '09:45:00', '18:37:00', 7.66, 1.21),
(1110, 3, '2025-09-18', '08:45:00', '17:39:00', 8.18, 0.73),
(1111, 3, '2025-09-19', '09:45:00', '18:55:00', 8.39, 0.78),
(1112, 3, '2025-09-22', '08:30:00', '17:53:00', 8.28, 1.11),
(1113, 3, '2025-09-23', '09:15:00', '17:04:00', 7.79, 0.03),
(1114, 3, '2025-09-24', '08:15:00', '17:24:00', 8.12, 1.04),
(1115, 3, '2025-09-25', '08:45:00', '17:15:00', 8.17, 0.34),
(1116, 3, '2025-09-26', '08:45:00', '17:58:00', 7.94, 1.29),
(1117, 3, '2025-09-29', '09:30:00', '17:22:00', 7.66, 0.22),
(1118, 3, '2025-09-30', '08:45:00', '18:15:00', 8.23, 1.28),
(1119, 3, '2025-10-01', '08:15:00', '17:34:00', 8.43, 0.90),
(1120, 3, '2025-10-02', '09:45:00', '17:22:00', 7.51, 0.11),
(1121, 3, '2025-10-03', '09:45:00', '17:43:00', 7.56, 0.42),
(1122, 3, '2025-10-06', '09:15:00', '17:50:00', 7.57, 1.02),
(1123, 3, '2025-10-07', '08:15:00', '16:40:00', 7.94, 0.49),
(1124, 3, '2025-10-08', '08:30:00', '17:41:00', 8.28, 0.92),
(1125, 3, '2025-10-09', '08:45:00', '18:10:00', 8.42, 1.00),
(1126, 3, '2025-10-10', '08:15:00', '16:37:00', 7.82, 0.56),
(1127, 3, '2025-10-13', '09:30:00', '18:40:00', 7.96, 1.22),
(1128, 3, '2025-10-14', '08:30:00', '17:36:00', 7.85, 1.26),
(1129, 3, '2025-10-15', '09:45:00', '18:00:00', 8.26, 0.00),
(1130, 3, '2025-10-16', '08:45:00', '17:58:00', 8.47, 0.76),
(1131, 3, '2025-10-17', '08:45:00', '17:24:00', 7.97, 0.69),
(1132, 3, '2025-10-20', '09:30:00', '17:45:00', 8.12, 0.14),
(1133, 3, '2025-10-21', '08:15:00', '16:43:00', 8.44, 0.04),
(1134, 3, '2025-10-22', '08:15:00', '17:09:00', 7.61, 1.30),
(1135, 3, '2025-10-23', '08:15:00', '17:37:00', 8.17, 1.20),
(1136, 3, '2025-10-24', '09:30:00', '17:57:00', 7.96, 0.50),
(1137, 3, '2025-10-27', '09:45:00', '18:19:00', 8.30, 0.28),
(1138, 3, '2025-10-28', '08:30:00', '17:16:00', 7.55, 1.23),
(1139, 3, '2025-10-29', '09:15:00', '17:41:00', 7.62, 0.83),
(1140, 3, '2025-10-30', '09:45:00', '18:19:00', 7.89, 0.68),
(1141, 3, '2025-10-31', '09:30:00', '18:49:00', 8.48, 0.84),
(1142, 4, '2025-01-01', '09:00:00', '17:31:00', 7.62, 0.91),
(1143, 4, '2025-01-02', '10:00:00', '19:37:00', 8.43, 1.20),
(1144, 4, '2025-01-03', '10:30:00', '20:06:00', 8.21, 1.40),
(1145, 4, '2025-01-06', '09:30:00', '17:48:00', 7.76, 0.54),
(1146, 4, '2025-01-07', '10:00:00', '19:00:00', 7.94, 1.07),
(1147, 4, '2025-01-08', '10:00:00', '19:22:00', 8.47, 0.90),
(1148, 4, '2025-01-09', '09:00:00', '17:23:00', 7.75, 0.64),
(1149, 4, '2025-01-10', '10:00:00', '18:54:00', 8.38, 0.53),
(1150, 4, '2025-01-13', '10:00:00', '18:54:00', 7.65, 1.26),
(1151, 4, '2025-01-14', '09:15:00', '18:28:00', 7.78, 1.45),
(1152, 4, '2025-01-15', '10:15:00', '18:49:00', 7.98, 0.59),
(1153, 4, '2025-01-16', '10:00:00', '17:46:00', 7.66, 0.12),
(1154, 4, '2025-01-17', '09:00:00', '18:19:00', 7.83, 1.49),
(1155, 4, '2025-01-20', '09:30:00', '18:00:00', 8.04, 0.46),
(1156, 4, '2025-01-21', '09:00:00', '18:11:00', 8.19, 1.00),
(1157, 4, '2025-01-22', '10:00:00', '18:45:00', 7.63, 1.13),
(1158, 4, '2025-01-23', '09:15:00', '17:01:00', 7.75, 0.02),
(1159, 4, '2025-01-24', '09:15:00', '18:34:00', 8.42, 0.91),
(1160, 4, '2025-01-27', '10:30:00', '19:57:00', 8.39, 1.06),
(1161, 4, '2025-01-28', '10:15:00', '19:19:00', 8.43, 0.64),
(1162, 4, '2025-01-29', '09:15:00', '17:48:00', 7.78, 0.78),
(1163, 4, '2025-01-30', '10:15:00', '19:40:00', 8.06, 1.37),
(1164, 4, '2025-01-31', '10:15:00', '19:22:00', 8.13, 0.99),
(1165, 4, '2025-02-03', '10:15:00', '18:55:00', 8.05, 0.63),
(1166, 4, '2025-02-04', '09:00:00', '18:17:00', 8.27, 1.03),
(1167, 4, '2025-02-05', '10:30:00', '20:00:00', 8.17, 1.34),
(1168, 4, '2025-02-06', '10:15:00', '18:43:00', 7.91, 0.57),
(1169, 4, '2025-02-07', '09:30:00', '18:14:00', 7.66, 1.08),
(1170, 4, '2025-02-10', '09:15:00', '18:25:00', 8.36, 0.82),
(1171, 4, '2025-02-11', '10:15:00', '18:20:00', 7.90, 0.19),
(1172, 4, '2025-02-12', '09:30:00', '18:02:00', 7.93, 0.62),
(1173, 4, '2025-02-13', '09:15:00', '17:33:00', 8.14, 0.17),
(1174, 4, '2025-02-14', '09:15:00', '17:39:00', 8.39, 0.01),
(1175, 4, '2025-02-17', '10:30:00', '19:13:00', 7.93, 0.80),
(1176, 4, '2025-02-18', '10:00:00', '18:37:00', 7.53, 1.10),
(1177, 4, '2025-02-19', '09:30:00', '18:16:00', 7.62, 1.15),
(1178, 4, '2025-02-20', '10:00:00', '18:44:00', 8.16, 0.58),
(1179, 4, '2025-02-21', '10:30:00', '19:15:00', 8.17, 0.59),
(1180, 4, '2025-02-24', '09:15:00', '17:53:00', 8.31, 0.33),
(1181, 4, '2025-02-25', '10:15:00', '18:41:00', 8.33, 0.11),
(1182, 4, '2025-02-26', '10:15:00', '18:13:00', 7.71, 0.26),
(1183, 4, '2025-02-27', '10:15:00', '19:27:00', 8.41, 0.80),
(1184, 4, '2025-02-28', '10:00:00', '17:53:00', 7.86, 0.03),
(1185, 4, '2025-03-03', '09:15:00', '18:03:00', 7.97, 0.84),
(1186, 4, '2025-03-04', '10:00:00', '19:40:00', 8.38, 1.29),
(1187, 4, '2025-03-05', '10:15:00', '19:04:00', 8.19, 0.63),
(1188, 4, '2025-03-06', '09:15:00', '17:26:00', 7.84, 0.36),
(1189, 4, '2025-03-07', '10:00:00', '17:56:00', 7.57, 0.37),
(1190, 4, '2025-03-10', '10:00:00', '18:32:00', 8.29, 0.26),
(1191, 4, '2025-03-11', '09:00:00', '17:04:00', 7.66, 0.41),
(1192, 4, '2025-03-12', '09:30:00', '17:34:00', 7.94, 0.13),
(1193, 4, '2025-03-13', '10:15:00', '18:02:00', 7.55, 0.25),
(1194, 4, '2025-03-14', '10:00:00', '18:46:00', 8.25, 0.53),
(1195, 4, '2025-03-17', '10:30:00', '18:55:00', 8.18, 0.25),
(1196, 4, '2025-03-18', '09:00:00', '17:57:00', 8.42, 0.54),
(1197, 4, '2025-03-19', '10:15:00', '19:22:00', 7.79, 1.33),
(1198, 4, '2025-03-20', '09:00:00', '17:02:00', 7.60, 0.44),
(1199, 4, '2025-03-21', '10:15:00', '19:42:00', 8.21, 1.25),
(1200, 4, '2025-03-24', '09:00:00', '17:58:00', 8.28, 0.69),
(1201, 4, '2025-03-25', '09:00:00', '18:04:00', 8.28, 0.80),
(1202, 4, '2025-03-26', '10:00:00', '18:07:00', 7.63, 0.49),
(1203, 4, '2025-03-27', '10:30:00', '19:25:00', 7.79, 1.14),
(1204, 4, '2025-03-28', '10:00:00', '18:41:00', 7.52, 1.17),
(1205, 4, '2025-03-31', '10:30:00', '18:46:00', 7.59, 0.68),
(1206, 4, '2025-04-01', '09:00:00', '18:49:00', 8.45, 1.37),
(1207, 4, '2025-04-02', '10:00:00', '19:31:00', 8.34, 1.19),
(1208, 4, '2025-04-03', '09:30:00', '18:52:00', 8.46, 0.92),
(1209, 4, '2025-04-04', '09:15:00', '18:02:00', 8.10, 0.69),
(1210, 4, '2025-04-07', '09:00:00', '17:41:00', 8.02, 0.68),
(1211, 4, '2025-04-08', '10:30:00', '18:59:00', 7.69, 0.80),
(1212, 4, '2025-04-09', '10:30:00', '19:16:00', 8.28, 0.50),
(1213, 4, '2025-04-10', '09:30:00', '18:31:00', 7.86, 1.17),
(1214, 4, '2025-04-11', '10:15:00', '18:10:00', 7.84, 0.09),
(1215, 4, '2025-04-14', '10:30:00', '19:34:00', 8.24, 0.83),
(1216, 4, '2025-04-15', '09:30:00', '17:39:00', 7.62, 0.53),
(1217, 4, '2025-04-16', '09:15:00', '17:47:00', 7.92, 0.62),
(1218, 4, '2025-04-17', '10:30:00', '19:31:00', 7.99, 1.03),
(1219, 4, '2025-04-18', '10:15:00', '18:52:00', 8.10, 0.53),
(1220, 4, '2025-04-21', '10:30:00', '18:10:00', 7.63, 0.05),
(1221, 4, '2025-04-22', '10:30:00', '20:11:00', 8.28, 1.42),
(1222, 4, '2025-04-23', '10:00:00', '18:35:00', 7.69, 0.91),
(1223, 4, '2025-04-24', '10:30:00', '20:05:00', 8.29, 1.30),
(1224, 4, '2025-04-25', '10:00:00', '18:00:00', 7.60, 0.41),
(1225, 4, '2025-04-28', '10:15:00', '18:48:00', 7.59, 0.97),
(1226, 4, '2025-04-29', '10:15:00', '18:37:00', 8.04, 0.34),
(1227, 4, '2025-04-30', '10:30:00', '18:28:00', 7.58, 0.39),
(1228, 4, '2025-05-01', '10:00:00', '18:31:00', 8.29, 0.24),
(1229, 4, '2025-05-02', '10:15:00', '19:58:00', 8.39, 1.34),
(1230, 4, '2025-05-05', '09:15:00', '17:34:00', 7.56, 0.76),
(1231, 4, '2025-05-06', '10:15:00', '18:52:00', 7.75, 0.88),
(1232, 4, '2025-05-07', '10:15:00', '18:15:00', 7.93, 0.08),
(1233, 4, '2025-05-08', '09:30:00', '18:40:00', 7.83, 1.34),
(1234, 4, '2025-05-09', '09:00:00', '17:30:00', 7.79, 0.72),
(1235, 4, '2025-05-12', '10:00:00', '18:42:00', 7.78, 0.92),
(1236, 4, '2025-05-13', '09:00:00', '17:26:00', 7.60, 0.84),
(1237, 4, '2025-05-14', '09:30:00', '18:45:00', 8.22, 1.04),
(1238, 4, '2025-05-15', '10:00:00', '18:24:00', 7.79, 0.62),
(1239, 4, '2025-05-16', '09:00:00', '18:11:00', 8.02, 1.18),
(1240, 4, '2025-05-19', '09:00:00', '17:31:00', 7.65, 0.87),
(1241, 4, '2025-05-20', '10:00:00', '18:46:00', 8.33, 0.45),
(1242, 4, '2025-05-21', '10:15:00', '18:20:00', 7.73, 0.36),
(1243, 4, '2025-05-22', '09:15:00', '19:08:00', 8.44, 1.46),
(1244, 4, '2025-05-23', '09:30:00', '17:55:00', 7.92, 0.50),
(1245, 4, '2025-05-26', '10:15:00', '19:04:00', 7.51, 1.31),
(1246, 4, '2025-05-27', '10:30:00', '18:49:00', 8.06, 0.26),
(1247, 4, '2025-05-28', '09:30:00', '17:25:00', 7.75, 0.17),
(1248, 4, '2025-05-29', '10:30:00', '19:53:00', 8.40, 0.99),
(1249, 4, '2025-05-30', '09:15:00', '18:25:00', 8.29, 0.88),
(1250, 4, '2025-06-02', '10:00:00', '18:42:00', 8.39, 0.31),
(1251, 4, '2025-06-03', '10:15:00', '20:11:00', 8.47, 1.47),
(1252, 4, '2025-06-04', '10:00:00', '19:32:00', 8.35, 1.19),
(1253, 4, '2025-06-05', '09:15:00', '18:26:00', 7.89, 1.31),
(1254, 4, '2025-06-06', '10:00:00', '17:44:00', 7.72, 0.02),
(1255, 4, '2025-06-09', '09:00:00', '17:56:00', 8.27, 0.68),
(1256, 4, '2025-06-10', '09:30:00', '18:54:00', 7.98, 1.43),
(1257, 4, '2025-06-11', '09:15:00', '17:54:00', 7.58, 1.07),
(1258, 4, '2025-06-12', '09:30:00', '18:28:00', 7.68, 1.29),
(1259, 4, '2025-06-13', '09:00:00', '18:26:00', 8.24, 1.21),
(1260, 4, '2025-06-16', '09:00:00', '18:27:00', 8.39, 1.07),
(1261, 4, '2025-06-17', '10:00:00', '18:57:00', 7.53, 1.43),
(1262, 4, '2025-06-18', '10:15:00', '19:07:00', 7.82, 1.05),
(1263, 4, '2025-06-19', '09:00:00', '18:13:00', 8.16, 1.07),
(1264, 4, '2025-06-20', '10:00:00', '17:50:00', 7.69, 0.15),
(1265, 4, '2025-06-23', '10:00:00', '18:55:00', 8.01, 0.92),
(1266, 4, '2025-06-24', '09:00:00', '16:45:00', 7.72, 0.04),
(1267, 4, '2025-06-25', '09:15:00', '17:48:00', 7.84, 0.72),
(1268, 4, '2025-06-26', '10:15:00', '19:27:00', 7.97, 1.24),
(1269, 4, '2025-06-27', '09:00:00', '17:18:00', 8.22, 0.08),
(1270, 4, '2025-06-30', '10:30:00', '18:12:00', 7.56, 0.15),
(1271, 4, '2025-07-01', '10:30:00', '20:13:00', 8.27, 1.46),
(1272, 4, '2025-07-02', '10:30:00', '19:14:00', 8.24, 0.50),
(1273, 4, '2025-07-03', '09:00:00', '18:37:00', 8.26, 1.36),
(1274, 4, '2025-07-04', '09:00:00', '16:48:00', 7.63, 0.18),
(1275, 4, '2025-07-07', '09:15:00', '17:20:00', 7.89, 0.20),
(1276, 4, '2025-07-08', '09:15:00', '18:25:00', 8.33, 0.84),
(1277, 4, '2025-07-09', '09:00:00', '16:58:00', 7.97, 0.01),
(1278, 4, '2025-07-10', '09:00:00', '18:03:00', 7.85, 1.21),
(1279, 4, '2025-07-11', '10:30:00', '18:52:00', 7.52, 0.85),
(1280, 4, '2025-07-14', '10:30:00', '19:13:00', 8.25, 0.48),
(1281, 4, '2025-07-15', '10:30:00', '19:31:00', 7.99, 1.04),
(1282, 4, '2025-07-16', '10:00:00', '18:36:00', 8.24, 0.37),
(1283, 4, '2025-07-17', '09:00:00', '18:20:00', 8.19, 1.16),
(1284, 4, '2025-07-18', '09:30:00', '17:36:00', 7.74, 0.37),
(1285, 4, '2025-07-21', '09:00:00', '17:20:00', 7.90, 0.44),
(1286, 4, '2025-07-22', '10:15:00', '18:15:00', 7.62, 0.38),
(1287, 4, '2025-07-23', '10:15:00', '18:54:00', 8.33, 0.33),
(1288, 4, '2025-07-24', '10:00:00', '19:33:00', 8.42, 1.13),
(1289, 4, '2025-07-25', '10:00:00', '18:22:00', 7.97, 0.41),
(1290, 4, '2025-07-28', '10:15:00', '18:14:00', 7.83, 0.16),
(1291, 4, '2025-07-29', '10:00:00', '19:40:00', 8.21, 1.47),
(1292, 4, '2025-07-30', '10:15:00', '19:09:00', 7.91, 0.99),
(1293, 4, '2025-07-31', '09:00:00', '17:39:00', 7.90, 0.75),
(1294, 4, '2025-08-01', '09:30:00', '18:25:00', 7.62, 1.30),
(1295, 4, '2025-08-04', '09:15:00', '17:54:00', 7.77, 0.89),
(1296, 4, '2025-08-05', '09:15:00', '18:38:00', 8.44, 0.95),
(1297, 4, '2025-08-06', '10:00:00', '18:25:00', 8.07, 0.36),
(1298, 4, '2025-08-07', '09:00:00', '17:42:00', 8.06, 0.65),
(1299, 4, '2025-08-08', '09:15:00', '17:48:00', 7.65, 0.90),
(1300, 4, '2025-08-11', '09:30:00', '18:19:00', 7.72, 1.11),
(1301, 4, '2025-08-12', '09:00:00', '16:52:00', 7.57, 0.30),
(1302, 4, '2025-08-13', '09:30:00', '18:28:00', 7.97, 1.00),
(1303, 4, '2025-08-14', '09:15:00', '17:54:00', 7.76, 0.89),
(1304, 4, '2025-08-15', '10:30:00', '18:22:00', 7.82, 0.06),
(1305, 4, '2025-08-18', '10:30:00', '18:24:00', 7.58, 0.33),
(1306, 4, '2025-08-19', '10:15:00', '19:23:00', 7.73, 1.41),
(1307, 4, '2025-08-20', '10:30:00', '19:39:00', 8.06, 1.09),
(1308, 4, '2025-08-21', '09:15:00', '17:16:00', 7.60, 0.42),
(1309, 4, '2025-08-22', '09:30:00', '18:45:00', 7.88, 1.38),
(1310, 4, '2025-08-25', '09:30:00', '18:11:00', 8.17, 0.53),
(1311, 4, '2025-08-26', '09:00:00', '18:20:00', 7.91, 1.44),
(1312, 4, '2025-08-27', '09:00:00', '18:15:00', 7.89, 1.36),
(1313, 4, '2025-08-28', '10:15:00', '19:18:00', 8.14, 0.92),
(1314, 4, '2025-08-29', '10:15:00', '19:00:00', 8.01, 0.75),
(1315, 4, '2025-09-01', '10:15:00', '19:15:00', 8.45, 0.55),
(1316, 4, '2025-09-02', '09:00:00', '17:40:00', 8.09, 0.59),
(1317, 4, '2025-09-03', '10:30:00', '19:49:00', 7.95, 1.37),
(1318, 4, '2025-09-04', '09:15:00', '17:39:00', 8.11, 0.30),
(1319, 4, '2025-09-05', '10:30:00', '19:10:00', 8.31, 0.37),
(1320, 4, '2025-09-08', '10:00:00', '19:43:00', 8.46, 1.26),
(1321, 4, '2025-09-09', '10:00:00', '18:33:00', 8.09, 0.47),
(1322, 4, '2025-09-10', '09:00:00', '18:03:00', 8.22, 0.83),
(1323, 4, '2025-09-11', '09:00:00', '18:29:00', 7.99, 1.50),
(1324, 4, '2025-09-12', '09:00:00', '17:18:00', 8.24, 0.06),
(1325, 4, '2025-09-15', '09:00:00', '17:25:00', 7.87, 0.56),
(1326, 4, '2025-09-16', '09:30:00', '18:53:00', 8.04, 1.35),
(1327, 4, '2025-09-17', '10:15:00', '19:11:00', 8.45, 0.50),
(1328, 4, '2025-09-18', '09:15:00', '17:58:00', 8.02, 0.70),
(1329, 4, '2025-09-19', '09:30:00', '19:01:00', 8.22, 1.30),
(1330, 4, '2025-09-22', '10:30:00', '19:05:00', 8.14, 0.45),
(1331, 4, '2025-09-23', '10:30:00', '18:19:00', 7.71, 0.12),
(1332, 4, '2025-09-24', '10:15:00', '19:17:00', 7.98, 1.06),
(1333, 4, '2025-09-25', '09:00:00', '18:10:00', 7.87, 1.31),
(1334, 4, '2025-09-26', '10:30:00', '19:50:00', 7.95, 1.40),
(1335, 4, '2025-09-29', '10:00:00', '19:17:00', 8.24, 1.05),
(1336, 4, '2025-09-30', '09:15:00', '18:55:00', 8.33, 1.34),
(1337, 4, '2025-10-01', '09:30:00', '17:38:00', 7.56, 0.58),
(1338, 4, '2025-10-02', '10:15:00', '19:11:00', 7.72, 1.23),
(1339, 4, '2025-10-03', '10:00:00', '18:21:00', 8.08, 0.28),
(1340, 4, '2025-10-06', '10:15:00', '18:43:00', 7.89, 0.59),
(1341, 4, '2025-10-07', '10:30:00', '18:55:00', 7.56, 0.86),
(1342, 4, '2025-10-08', '10:15:00', '19:37:00', 7.90, 1.47),
(1343, 4, '2025-10-09', '10:15:00', '19:23:00', 7.93, 1.21),
(1344, 4, '2025-10-10', '10:30:00', '18:45:00', 7.85, 0.40),
(1345, 4, '2025-10-13', '10:00:00', '17:54:00', 7.76, 0.15),
(1346, 4, '2025-10-14', '10:15:00', '19:58:00', 8.36, 1.37),
(1347, 4, '2025-10-15', '10:00:00', '18:55:00', 7.98, 0.94),
(1348, 4, '2025-10-16', '10:30:00', '19:09:00', 8.34, 0.31),
(1349, 4, '2025-10-17', '10:00:00', '19:04:00', 7.79, 1.29),
(1350, 4, '2025-10-20', '09:30:00', '18:42:00', 7.82, 1.39),
(1351, 4, '2025-10-21', '10:15:00', '18:40:00', 8.18, 0.25),
(1352, 4, '2025-10-22', '09:00:00', '17:30:00', 8.04, 0.47),
(1353, 4, '2025-10-23', '09:30:00', '17:17:00', 7.65, 0.14),
(1354, 4, '2025-10-24', '10:00:00', '18:05:00', 8.07, 0.03),
(1355, 4, '2025-10-27', '10:15:00', '19:31:00', 8.12, 1.15),
(1356, 4, '2025-10-28', '09:30:00', '18:10:00', 7.78, 0.89),
(1357, 4, '2025-10-29', '10:00:00', '18:56:00', 8.22, 0.72),
(1358, 4, '2025-10-30', '10:30:00', '19:56:00', 8.24, 1.21),
(1359, 4, '2025-10-31', '10:30:00', '19:22:00', 8.08, 0.80);

-- --------------------------------------------------------

--
-- Table structure for table `employees`
--

CREATE TABLE `employees` (
  `id` int NOT NULL,
  `user_id` int DEFAULT NULL,
  `fullname` varchar(100) DEFAULT NULL,
  `department` varchar(50) DEFAULT NULL
) ENGINE=InnoDB DEFAULT CHARSET=utf8mb4 COLLATE=utf8mb4_0900_ai_ci;

--
-- Dumping data for table `employees`
--

INSERT INTO `employees` (`id`, `user_id`, `fullname`, `department`) VALUES
(1, 2, 'Mandy Franco', 'IT'),
(2, 3, 'Allison Angeles', 'HR'),
(3, 4, 'Grace Molas', 'Marketing'),
(4, 5, 'Anna Lopez', 'IT'),
(5, 6, 'Kevin Ramos', 'Finance'),
(6, 7, 'Elaine Torres', 'Sales'),
(7, 8, 'Christian Bautista', 'Sales'),
(8, 9, 'Jenny Huang', 'IT'),
(9, 10, 'Pauline Mateo', 'HR'),
(10, 11, 'Francis Tan', 'Finance');

-- --------------------------------------------------------

--
-- Table structure for table `performance`
--

CREATE TABLE `performance` (
  `id` int NOT NULL,
  `employee_id` int DEFAULT NULL,
  `month` varchar(20) DEFAULT NULL,
  `score` int DEFAULT NULL
) ENGINE=InnoDB DEFAULT CHARSET=utf8mb4 COLLATE=utf8mb4_0900_ai_ci;

--
-- Dumping data for table `performance`
--

INSERT INTO `performance` (`id`, `employee_id`, `month`, `score`) VALUES
(1, 1, '2025-01', 92),
(2, 2, '2025-01', 85),
(3, 3, '2025-01', 78),
(4, 4, '2025-01', 88),
(5, 5, '2025-01', 95),
(6, 6, '2025-01', 73),
(7, 7, '2025-01', 80),
(8, 8, '2025-01', 90),
(9, 9, '2025-01', 76),
(10, 10, '2025-01', 82);

-- --------------------------------------------------------

--
-- Table structure for table `users`
--

CREATE TABLE `users` (
  `id` int NOT NULL,
  `username` varchar(50) DEFAULT NULL,
  `password` varchar(255) DEFAULT NULL,
  `fullname` varchar(100) DEFAULT NULL,
  `role` enum('admin','employee') NOT NULL
) ENGINE=InnoDB DEFAULT CHARSET=utf8mb4 COLLATE=utf8mb4_0900_ai_ci;

--
-- Dumping data for table `users`
--

INSERT INTO `users` (`id`, `username`, `password`, `fullname`, `role`) VALUES
(1, 'admin', '0192023a7bbd73250516f069df18b500', 'Administrator', 'admin'),
(2, 'emp1', '033836b6cedd9a857d82681aafadbc19', 'Mandy Franco', 'employee'),
(3, 'emp2', '033836b6cedd9a857d82681aafadbc19', 'Allison Angeles', 'employee'),
(4, 'emp3', '033836b6cedd9a857d82681aafadbc19', 'Grace Molas', 'employee'),
(5, 'emp4', '033836b6cedd9a857d82681aafadbc19', 'Anna Lopez', 'employee'),
(6, 'emp5', '033836b6cedd9a857d82681aafadbc19', 'Kevin Ramos', 'employee'),
(7, 'emp6', '033836b6cedd9a857d82681aafadbc19', 'Elaine Torres', 'employee'),
(8, 'emp7', '033836b6cedd9a857d82681aafadbc19', 'Christian Bautista', 'employee'),
(9, 'emp8', '033836b6cedd9a857d82681aafadbc19', 'Jenny Huang', 'employee'),
(10, 'emp9', '033836b6cedd9a857d82681aafadbc19', 'Pauline Mateo', 'employee'),
(11, 'emp10', '033836b6cedd9a857d82681aafadbc19', 'Francis Tan', 'employee');

--
-- Indexes for dumped tables
--

--
-- Indexes for table `attendance`
--
ALTER TABLE `attendance`
  ADD PRIMARY KEY (`id`),
  ADD KEY `employee_id` (`employee_id`);

--
-- Indexes for table `employees`
--
ALTER TABLE `employees`
  ADD PRIMARY KEY (`id`),
  ADD KEY `user_id` (`user_id`);

--
-- Indexes for table `performance`
--
ALTER TABLE `performance`
  ADD PRIMARY KEY (`id`),
  ADD KEY `employee_id` (`employee_id`);

--
-- Indexes for table `users`
--
ALTER TABLE `users`
  ADD PRIMARY KEY (`id`),
  ADD UNIQUE KEY `username` (`username`);

--
-- AUTO_INCREMENT for dumped tables
--

--
-- AUTO_INCREMENT for table `attendance`
--
ALTER TABLE `attendance`
  MODIFY `id` int NOT NULL AUTO_INCREMENT, AUTO_INCREMENT=1360;

--
-- AUTO_INCREMENT for table `employees`
--
ALTER TABLE `employees`
  MODIFY `id` int NOT NULL AUTO_INCREMENT, AUTO_INCREMENT=11;

--
-- AUTO_INCREMENT for table `performance`
--
ALTER TABLE `performance`
  MODIFY `id` int NOT NULL AUTO_INCREMENT, AUTO_INCREMENT=11;

--
-- AUTO_INCREMENT for table `users`
--
ALTER TABLE `users`
  MODIFY `id` int NOT NULL AUTO_INCREMENT, AUTO_INCREMENT=12;

--
-- Constraints for dumped tables
--

--
-- Constraints for table `attendance`
--
ALTER TABLE `attendance`
  ADD CONSTRAINT `attendance_ibfk_1` FOREIGN KEY (`employee_id`) REFERENCES `employees` (`id`);

--
-- Constraints for table `employees`
--
ALTER TABLE `employees`
  ADD CONSTRAINT `employees_ibfk_1` FOREIGN KEY (`user_id`) REFERENCES `users` (`id`);

--
-- Constraints for table `performance`
--
ALTER TABLE `performance`
  ADD CONSTRAINT `performance_ibfk_1` FOREIGN KEY (`employee_id`) REFERENCES `employees` (`id`);
COMMIT;

/*!40101 SET CHARACTER_SET_CLIENT=@OLD_CHARACTER_SET_CLIENT */;
/*!40101 SET CHARACTER_SET_RESULTS=@OLD_CHARACTER_SET_RESULTS */;
/*!40101 SET COLLATION_CONNECTION=@OLD_COLLATION_CONNECTION */;
